file;health;split_group
032_375.png;healthy;train
032_607.png;healthy;train
010_069.png;healthy;train
016_216.png;healthy;train
032_739.png;healthy;train
004_343.png;healthy;train
005_415.png;healthy;train
040_457.png;Varroa, Small Hive Beetles;train
019_546.png;healthy;train
019_320.png;healthy;train
030_847.png;ant problems;train
004_102.png;healthy;train
005_166.png;healthy;train
005_586.png;healthy;train
005_573.png;healthy;train
004_467.png;healthy;train
019_1212.png;healthy;train
019_879.png;healthy;train
038_265.png;Varroa, Small Hive Beetles;train
019_1267.png;healthy;train
038_017.png;Varroa, Small Hive Beetles;train
010_794.png;healthy;train
010_509.png;healthy;train
008_047.png;healthy;train
040_409.png;Varroa, Small Hive Beetles;train
030_702.png;ant problems;train
027_009.png;healthy;train
034_018.png;missing queen;train
040_420.png;Varroa, Small Hive Beetles;train
005_266.png;healthy;train
010_854.png;healthy;train
030_405.png;ant problems;train
021_195.png;healthy;train
024_012.png;healthy;train
038_436.png;Varroa, Small Hive Beetles;train
038_079.png;Varroa, Small Hive Beetles;train
040_135.png;Varroa, Small Hive Beetles;train
022_204.png;healthy;train
041_010.png;hive being robbed;train
015_975.png;healthy;train
010_633.png;healthy;train
022_416.png;healthy;train
009_097.png;healthy;train
021_200.png;healthy;train
046_174.png;healthy;train
030_696.png;ant problems;train
040_317.png;Varroa, Small Hive Beetles;train
046_033.png;healthy;train
022_306.png;healthy;train
030_867.png;ant problems;train
008_197.png;healthy;train
015_674.png;healthy;train
045_007.png;hive being robbed;train
040_534.png;Varroa, Small Hive Beetles;train
009_043.png;healthy;train
019_633.png;healthy;train
003_271.png;healthy;train
040_040.png;Varroa, Small Hive Beetles;train
041_027.png;hive being robbed;train
022_394.png;healthy;train
021_028.png;healthy;train
036_068.png;Varroa, Small Hive Beetles;train
019_852.png;healthy;train
005_303.png;healthy;train
032_076.png;healthy;train
038_406.png;Varroa, Small Hive Beetles;train
005_370.png;healthy;train
005_541.png;healthy;train
004_288.png;healthy;train
015_846.png;healthy;train
015_805.png;healthy;train
008_085.png;healthy;train
028_021.png;healthy;train
030_611.png;ant problems;train
032_698.png;healthy;train
003_254.png;healthy;train
003_246.png;healthy;train
030_665.png;ant problems;train
001_050.png;healthy;train
002_031.png;healthy;train
003_243.png;healthy;train
040_315.png;Varroa, Small Hive Beetles;train
003_266.png;healthy;train
030_674.png;ant problems;train
015_1252.png;healthy;train
032_924.png;healthy;train
038_403.png;Varroa, Small Hive Beetles;train
029_010.png;healthy;train
015_1080.png;healthy;train
016_099.png;healthy;train
032_888.png;healthy;train
008_124.png;healthy;train
038_431.png;Varroa, Small Hive Beetles;train
045_019.png;hive being robbed;train
030_496.png;ant problems;train
040_006.png;Varroa, Small Hive Beetles;train
038_352.png;Varroa, Small Hive Beetles;train
040_389.png;Varroa, Small Hive Beetles;train
019_1371.png;healthy;train
015_1222.png;healthy;train
022_410.png;healthy;train
015_417.png;healthy;train
031_088.png;Varroa, Small Hive Beetles;train
040_392.png;Varroa, Small Hive Beetles;train
001_145.png;healthy;train
017_098.png;healthy;train
016_277.png;healthy;train
030_411.png;ant problems;train
010_828.png;healthy;train
038_117.png;Varroa, Small Hive Beetles;train
030_776.png;ant problems;train
032_822.png;healthy;train
021_181.png;healthy;train
031_097.png;Varroa, Small Hive Beetles;train
030_500.png;ant problems;train
015_1035.png;healthy;train
021_202.png;healthy;train
032_773.png;healthy;train
010_597.png;healthy;train
046_114.png;healthy;train
032_876.png;healthy;train
038_309.png;Varroa, Small Hive Beetles;train
040_369.png;Varroa, Small Hive Beetles;train
046_051.png;healthy;train
016_205.png;healthy;train
021_101.png;healthy;train
016_239.png;healthy;train
015_1076.png;healthy;train
010_799.png;healthy;train
016_167.png;healthy;train
032_062.png;healthy;train
008_288.png;healthy;train
005_604.png;healthy;train
032_912.png;healthy;train
015_994.png;healthy;train
038_132.png;Varroa, Small Hive Beetles;train
005_138.png;healthy;train
010_246.png;healthy;train
015_1166.png;healthy;train
032_262.png;healthy;train
030_606.png;ant problems;train
038_069.png;Varroa, Small Hive Beetles;train
030_510.png;ant problems;train
038_007.png;Varroa, Small Hive Beetles;train
004_430.png;healthy;train
002_107.png;healthy;train
010_813.png;healthy;train
040_447.png;Varroa, Small Hive Beetles;train
005_407.png;healthy;train
030_757.png;ant problems;train
008_084.png;healthy;train
040_335.png;Varroa, Small Hive Beetles;train
046_083.png;healthy;train
010_822.png;healthy;train
015_1188.png;healthy;train
008_195.png;healthy;train
003_144.png;healthy;train
015_1253.png;healthy;train
030_873.png;ant problems;train
040_406.png;Varroa, Small Hive Beetles;train
009_086.png;healthy;train
038_358.png;Varroa, Small Hive Beetles;train
038_153.png;Varroa, Small Hive Beetles;train
009_057.png;healthy;train
019_1147.png;healthy;train
040_342.png;Varroa, Small Hive Beetles;train
005_073.png;healthy;train
032_261.png;healthy;train
030_571.png;ant problems;train
007_061.png;healthy;train
030_660.png;ant problems;train
015_1078.png;healthy;train
005_501.png;healthy;train
005_277.png;healthy;train
038_293.png;Varroa, Small Hive Beetles;train
010_255.png;healthy;train
003_236.png;healthy;train
040_160.png;Varroa, Small Hive Beetles;train
041_017.png;hive being robbed;train
015_1174.png;healthy;train
040_299.png;Varroa, Small Hive Beetles;train
040_341.png;Varroa, Small Hive Beetles;train
030_731.png;ant problems;train
039_015.png;hive being robbed;train
040_494.png;Varroa, Small Hive Beetles;train
015_1118.png;healthy;train
043_027.png;hive being robbed;train
005_310.png;healthy;train
015_897.png;healthy;train
001_169.png;healthy;train
021_201.png;healthy;train
015_470.png;healthy;train
040_089.png;Varroa, Small Hive Beetles;train
031_117.png;Varroa, Small Hive Beetles;train
005_466.png;healthy;train
040_045.png;Varroa, Small Hive Beetles;train
016_304.png;healthy;train
015_658.png;healthy;train
004_387.png;healthy;train
040_106.png;Varroa, Small Hive Beetles;train
032_594.png;healthy;train
042_032.png;hive being robbed;train
038_382.png;Varroa, Small Hive Beetles;train
009_108.png;healthy;train
016_039.png;healthy;train
032_624.png;healthy;train
038_174.png;Varroa, Small Hive Beetles;train
010_240.png;healthy;train
030_388.png;ant problems;train
016_113.png;healthy;train
022_102.png;healthy;train
015_1165.png;healthy;train
004_452.png;healthy;train
038_189.png;Varroa, Small Hive Beetles;train
030_826.png;ant problems;train
032_628.png;healthy;train
032_470.png;healthy;train
004_098.png;healthy;train
019_526.png;healthy;train
004_101.png;healthy;train
041_002.png;hive being robbed;train
003_255.png;healthy;train
015_1160.png;healthy;train
005_422.png;healthy;train
004_339.png;healthy;train
022_369.png;healthy;train
008_186.png;healthy;train
016_112.png;healthy;train
009_105.png;healthy;train
015_562.png;healthy;train
022_289.png;healthy;train
022_346.png;healthy;train
040_546.png;Varroa, Small Hive Beetles;train
012_013.png;healthy;train
004_300.png;healthy;train
019_931.png;healthy;train
030_417.png;ant problems;train
032_910.png;healthy;train
032_775.png;healthy;train
021_029.png;healthy;train
030_720.png;ant problems;train
015_510.png;healthy;train
038_108.png;Varroa, Small Hive Beetles;train
016_253.png;healthy;train
033_097.png;healthy;train
017_025.png;healthy;train
032_707.png;healthy;train
032_761.png;healthy;train
038_194.png;Varroa, Small Hive Beetles;train
040_424.png;Varroa, Small Hive Beetles;train
005_505.png;healthy;train
005_616.png;healthy;train
032_886.png;healthy;train
019_1355.png;healthy;train
019_1298.png;healthy;train
005_591.png;healthy;train
004_487.png;healthy;train
040_523.png;Varroa, Small Hive Beetles;train
040_038.png;Varroa, Small Hive Beetles;train
015_277.png;healthy;train
004_060.png;healthy;train
032_832.png;healthy;train
004_377.png;healthy;train
004_075.png;healthy;train
005_603.png;healthy;train
022_419.png;healthy;train
032_464.png;healthy;train
022_205.png;healthy;train
038_172.png;Varroa, Small Hive Beetles;train
030_692.png;ant problems;train
038_103.png;Varroa, Small Hive Beetles;train
031_128.png;Varroa, Small Hive Beetles;train
005_400.png;healthy;train
008_083.png;healthy;train
015_1115.png;healthy;train
038_109.png;Varroa, Small Hive Beetles;train
008_289.png;healthy;train
046_078.png;healthy;train
030_414.png;ant problems;train
021_102.png;healthy;train
005_388.png;healthy;train
004_462.png;healthy;train
008_196.png;healthy;train
030_529.png;ant problems;train
040_159.png;Varroa, Small Hive Beetles;train
011_025.png;healthy;train
022_381.png;healthy;train
019_1262.png;healthy;train
038_214.png;Varroa, Small Hive Beetles;train
046_107.png;healthy;train
019_1049.png;healthy;train
038_185.png;Varroa, Small Hive Beetles;train
015_603.png;healthy;train
032_670.png;healthy;train
038_376.png;Varroa, Small Hive Beetles;train
010_394.png;healthy;train
003_257.png;healthy;train
033_071.png;healthy;train
019_635.png;healthy;train
008_302.png;healthy;train
019_799.png;healthy;train
038_044.png;Varroa, Small Hive Beetles;train
003_020.png;healthy;train
015_1248.png;healthy;train
015_472.png;healthy;train
037_000.png;hive being robbed;train
001_156.png;healthy;train
033_048.png;healthy;train
032_902.png;healthy;train
046_195.png;healthy;train
010_268.png;healthy;train
031_029.png;Varroa, Small Hive Beetles;train
043_062.png;hive being robbed;train
038_195.png;Varroa, Small Hive Beetles;train
040_385.png;Varroa, Small Hive Beetles;train
043_029.png;hive being robbed;train
004_384.png;healthy;train
021_234.png;healthy;train
019_876.png;healthy;train
045_018.png;hive being robbed;train
010_431.png;healthy;train
046_016.png;healthy;train
038_426.png;Varroa, Small Hive Beetles;train
040_377.png;Varroa, Small Hive Beetles;train
040_296.png;Varroa, Small Hive Beetles;train
038_266.png;Varroa, Small Hive Beetles;train
015_1251.png;healthy;train
033_093.png;healthy;train
010_821.png;healthy;train
032_598.png;healthy;train
017_076.png;healthy;train
038_428.png;Varroa, Small Hive Beetles;train
038_435.png;Varroa, Small Hive Beetles;train
005_502.png;healthy;train
010_641.png;healthy;train
030_348.png;ant problems;train
032_629.png;healthy;train
023_005.png;healthy;train
016_276.png;healthy;train
021_138.png;healthy;train
015_1002.png;healthy;train
040_416.png;Varroa, Small Hive Beetles;train
033_077.png;healthy;train
022_420.png;healthy;train
030_307.png;ant problems;train
003_252.png;healthy;train
022_288.png;healthy;train
030_782.png;ant problems;train
032_307.png;healthy;train
005_593.png;healthy;train
005_408.png;healthy;train
010_137.png;healthy;train
030_258.png;ant problems;train
010_320.png;healthy;train
032_512.png;healthy;train
032_584.png;healthy;train
010_632.png;healthy;train
010_645.png;healthy;train
004_422.png;healthy;train
015_788.png;healthy;train
010_807.png;healthy;train
016_240.png;healthy;train
008_241.png;healthy;train
005_517.png;healthy;train
032_467.png;healthy;train
004_365.png;healthy;train
010_068.png;healthy;train
040_565.png;Varroa, Small Hive Beetles;train
007_161.png;healthy;train
022_424.png;healthy;train
008_046.png;healthy;train
009_085.png;healthy;train
005_363.png;healthy;train
038_373.png;Varroa, Small Hive Beetles;train
010_777.png;healthy;train
005_618.png;healthy;train
035_020.png;Varroa, Small Hive Beetles;train
040_473.png;Varroa, Small Hive Beetles;train
010_581.png;healthy;train
030_827.png;ant problems;train
008_273.png;healthy;train
032_260.png;healthy;train
030_513.png;ant problems;train
038_296.png;Varroa, Small Hive Beetles;train
031_076.png;Varroa, Small Hive Beetles;train
032_700.png;healthy;train
041_005.png;hive being robbed;train
010_326.png;healthy;train
015_1266.png;healthy;train
021_117.png;healthy;train
032_763.png;healthy;train
040_024.png;Varroa, Small Hive Beetles;train
032_871.png;healthy;train
019_780.png;healthy;train
004_435.png;healthy;train
043_039.png;hive being robbed;train
043_045.png;hive being robbed;train
019_1215.png;healthy;train
008_231.png;healthy;train
038_060.png;Varroa, Small Hive Beetles;train
005_348.png;healthy;train
008_096.png;healthy;train
016_211.png;healthy;train
038_239.png;Varroa, Small Hive Beetles;train
019_600.png;healthy;train
018_041.png;healthy;train
015_272.png;healthy;train
040_278.png;Varroa, Small Hive Beetles;train
010_857.png;healthy;train
004_188.png;healthy;train
030_375.png;ant problems;train
002_108.png;healthy;train
008_232.png;healthy;train
038_396.png;Varroa, Small Hive Beetles;train
015_1054.png;healthy;train
009_100.png;healthy;train
021_088.png;healthy;train
030_148.png;ant problems;train
030_742.png;ant problems;train
020_010.png;healthy;train
015_589.png;healthy;train
005_438.png;healthy;train
010_699.png;healthy;train
030_532.png;ant problems;train
017_131.png;healthy;train
022_367.png;healthy;train
038_066.png;Varroa, Small Hive Beetles;train
002_078.png;healthy;train
042_003.png;hive being robbed;train
019_848.png;healthy;train
005_596.png;healthy;train
038_143.png;Varroa, Small Hive Beetles;train
038_161.png;Varroa, Small Hive Beetles;train
038_055.png;Varroa, Small Hive Beetles;train
040_495.png;Varroa, Small Hive Beetles;train
043_040.png;hive being robbed;train
046_061.png;healthy;train
040_121.png;Varroa, Small Hive Beetles;train
019_1048.png;healthy;train
032_916.png;healthy;train
007_062.png;healthy;train
030_663.png;ant problems;train
010_798.png;healthy;train
032_836.png;healthy;train
038_061.png;Varroa, Small Hive Beetles;train
015_882.png;healthy;train
005_563.png;healthy;train
030_842.png;ant problems;train
004_357.png;healthy;train
031_060.png;Varroa, Small Hive Beetles;train
034_037.png;missing queen;train
019_865.png;healthy;train
020_012.png;healthy;train
040_227.png;Varroa, Small Hive Beetles;train
015_1275.png;healthy;train
019_685.png;healthy;train
005_248.png;healthy;train
038_028.png;Varroa, Small Hive Beetles;train
019_619.png;healthy;train
031_095.png;Varroa, Small Hive Beetles;train
032_756.png;healthy;train
038_269.png;Varroa, Small Hive Beetles;train
030_811.png;ant problems;train
003_130.png;healthy;train
003_185.png;healthy;train
020_030.png;healthy;train
039_026.png;hive being robbed;train
022_098.png;healthy;train
030_668.png;ant problems;train
040_438.png;Varroa, Small Hive Beetles;train
038_305.png;Varroa, Small Hive Beetles;train
004_111.png;healthy;train
040_282.png;Varroa, Small Hive Beetles;train
004_383.png;healthy;train
003_260.png;healthy;train
021_206.png;healthy;train
010_801.png;healthy;train
040_016.png;Varroa, Small Hive Beetles;train
040_370.png;Varroa, Small Hive Beetles;train
017_038.png;healthy;train
002_097.png;healthy;train
038_332.png;Varroa, Small Hive Beetles;train
001_147.png;healthy;train
046_115.png;healthy;train
009_084.png;healthy;train
032_602.png;healthy;train
030_266.png;ant problems;train
004_229.png;healthy;train
030_788.png;ant problems;train
010_409.png;healthy;train
005_270.png;healthy;train
030_707.png;ant problems;train
019_974.png;healthy;train
015_1195.png;healthy;train
032_404.png;healthy;train
030_559.png;ant problems;train
016_284.png;healthy;train
030_612.png;ant problems;train
029_007.png;healthy;train
021_198.png;healthy;train
010_133.png;healthy;train
015_762.png;healthy;train
010_530.png;healthy;train
032_500.png;healthy;train
015_1171.png;healthy;train
040_014.png;Varroa, Small Hive Beetles;train
040_348.png;Varroa, Small Hive Beetles;train
040_470.png;Varroa, Small Hive Beetles;train
038_345.png;Varroa, Small Hive Beetles;train
038_165.png;Varroa, Small Hive Beetles;train
005_537.png;healthy;train
008_181.png;healthy;train
021_208.png;healthy;train
005_358.png;healthy;train
030_198.png;ant problems;train
030_558.png;ant problems;train
038_456.png;Varroa, Small Hive Beetles;train
004_475.png;healthy;train
040_496.png;Varroa, Small Hive Beetles;train
040_529.png;Varroa, Small Hive Beetles;train
010_442.png;healthy;train
022_423.png;healthy;train
040_384.png;Varroa, Small Hive Beetles;train
038_363.png;Varroa, Small Hive Beetles;train
009_042.png;healthy;train
009_112.png;healthy;train
005_594.png;healthy;train
038_113.png;Varroa, Small Hive Beetles;train
038_420.png;Varroa, Small Hive Beetles;train
010_427.png;healthy;train
030_658.png;ant problems;train
005_271.png;healthy;train
019_520.png;healthy;train
008_242.png;healthy;train
036_089.png;Varroa, Small Hive Beetles;train
030_468.png;ant problems;train
032_849.png;healthy;train
010_734.png;healthy;train
008_171.png;healthy;train
040_417.png;Varroa, Small Hive Beetles;train
015_488.png;healthy;train
019_655.png;healthy;train
038_259.png;Varroa, Small Hive Beetles;train
021_164.png;healthy;train
030_845.png;ant problems;train
035_047.png;Varroa, Small Hive Beetles;train
040_080.png;Varroa, Small Hive Beetles;train
017_110.png;healthy;train
015_878.png;healthy;train
032_589.png;healthy;train
040_098.png;Varroa, Small Hive Beetles;train
030_671.png;ant problems;train
038_286.png;Varroa, Small Hive Beetles;train
024_019.png;healthy;train
032_363.png;healthy;train
003_136.png;healthy;train
015_660.png;healthy;train
025_024.png;healthy;train
036_083.png;Varroa, Small Hive Beetles;train
038_465.png;Varroa, Small Hive Beetles;train
015_834.png;healthy;train
015_1215.png;healthy;train
030_727.png;ant problems;train
040_054.png;Varroa, Small Hive Beetles;train
015_471.png;healthy;train
017_064.png;healthy;train
004_276.png;healthy;train
040_087.png;Varroa, Small Hive Beetles;train
010_544.png;healthy;train
041_076.png;hive being robbed;train
001_151.png;healthy;train
019_530.png;healthy;train
015_565.png;healthy;train
046_095.png;healthy;train
015_782.png;healthy;train
002_103.png;healthy;train
032_660.png;healthy;train
015_462.png;healthy;train
015_932.png;healthy;train
025_018.png;healthy;train
009_053.png;healthy;train
042_028.png;hive being robbed;train
019_746.png;healthy;train
040_173.png;Varroa, Small Hive Beetles;train
010_690.png;healthy;train
040_125.png;Varroa, Small Hive Beetles;train
016_269.png;healthy;train
032_740.png;healthy;train
003_241.png;healthy;train
010_331.png;healthy;train
038_011.png;Varroa, Small Hive Beetles;train
030_810.png;ant problems;train
038_260.png;Varroa, Small Hive Beetles;train
004_358.png;healthy;train
038_470.png;Varroa, Small Hive Beetles;train
032_815.png;healthy;train
038_016.png;Varroa, Small Hive Beetles;train
038_374.png;Varroa, Small Hive Beetles;train
021_100.png;healthy;train
005_579.png;healthy;train
038_290.png;Varroa, Small Hive Beetles;train
040_239.png;Varroa, Small Hive Beetles;train
017_073.png;healthy;train
038_128.png;Varroa, Small Hive Beetles;train
019_814.png;healthy;train
017_045.png;healthy;train
021_197.png;healthy;train
010_097.png;healthy;train
032_826.png;healthy;train
030_766.png;ant problems;train
015_827.png;healthy;train
008_272.png;healthy;train
032_314.png;healthy;train
019_1037.png;healthy;train
038_407.png;Varroa, Small Hive Beetles;train
032_859.png;healthy;train
010_284.png;healthy;train
040_368.png;Varroa, Small Hive Beetles;train
032_825.png;healthy;train
038_314.png;Varroa, Small Hive Beetles;train
022_426.png;healthy;train
030_795.png;ant problems;train
022_402.png;healthy;train
038_285.png;Varroa, Small Hive Beetles;train
030_400.png;ant problems;train
040_558.png;Varroa, Small Hive Beetles;train
002_055.png;healthy;train
015_307.png;healthy;train
003_124.png;healthy;train
019_979.png;healthy;train
043_010.png;hive being robbed;train
040_011.png;Varroa, Small Hive Beetles;train
038_360.png;Varroa, Small Hive Beetles;train
030_338.png;ant problems;train
015_1183.png;healthy;train
019_1282.png;healthy;train
032_853.png;healthy;train
039_025.png;hive being robbed;train
040_169.png;Varroa, Small Hive Beetles;train
010_455.png;healthy;train
038_021.png;Varroa, Small Hive Beetles;train
046_096.png;healthy;train
032_559.png;healthy;train
038_303.png;Varroa, Small Hive Beetles;train
004_390.png;healthy;train
037_014.png;hive being robbed;train
009_056.png;healthy;train
005_103.png;healthy;train
015_598.png;healthy;train
019_1144.png;healthy;train
010_135.png;healthy;train
032_551.png;healthy;train
005_610.png;healthy;train
005_489.png;healthy;train
002_101.png;healthy;train
046_111.png;healthy;train
017_100.png;healthy;train
019_1020.png;healthy;train
038_230.png;Varroa, Small Hive Beetles;train
043_047.png;hive being robbed;train
003_141.png;healthy;train
010_552.png;healthy;train
002_109.png;healthy;train
008_094.png;healthy;train
019_627.png;healthy;train
015_577.png;healthy;train
030_726.png;ant problems;train
017_067.png;healthy;train
017_089.png;healthy;train
022_408.png;healthy;train
019_1007.png;healthy;train
008_045.png;healthy;train
015_070.png;healthy;train
032_786.png;healthy;train
017_034.png;healthy;train
040_013.png;Varroa, Small Hive Beetles;train
015_1213.png;healthy;train
017_023.png;healthy;train
008_301.png;healthy;train
010_591.png;healthy;train
045_001.png;hive being robbed;train
032_376.png;healthy;train
040_164.png;Varroa, Small Hive Beetles;train
001_149.png;healthy;train
032_516.png;healthy;train
043_076.png;hive being robbed;train
030_476.png;ant problems;train
042_021.png;hive being robbed;train
032_847.png;healthy;train
040_512.png;Varroa, Small Hive Beetles;train
015_299.png;healthy;train
019_322.png;healthy;train
030_718.png;ant problems;train
015_371.png;healthy;train
038_240.png;Varroa, Small Hive Beetles;train
004_215.png;healthy;train
015_599.png;healthy;train
019_334.png;healthy;train
001_167.png;healthy;train
040_190.png;Varroa, Small Hive Beetles;train
041_025.png;hive being robbed;train
040_549.png;Varroa, Small Hive Beetles;train
003_094.png;healthy;train
038_261.png;Varroa, Small Hive Beetles;train
001_134.png;healthy;train
015_1063.png;healthy;train
040_517.png;Varroa, Small Hive Beetles;train
038_365.png;Varroa, Small Hive Beetles;train
016_161.png;healthy;train
022_429.png;healthy;train
032_895.png;healthy;train
041_011.png;hive being robbed;train
030_398.png;ant problems;train
017_029.png;healthy;train
004_394.png;healthy;train
038_463.png;Varroa, Small Hive Beetles;train
032_838.png;healthy;train
030_859.png;ant problems;train
032_558.png;healthy;train
019_394.png;healthy;train
005_599.png;healthy;train
040_043.png;Varroa, Small Hive Beetles;train
038_111.png;Varroa, Small Hive Beetles;train
041_047.png;hive being robbed;train
046_084.png;healthy;train
009_104.png;healthy;train
019_257.png;healthy;train
039_006.png;hive being robbed;train
030_272.png;ant problems;train
030_871.png;ant problems;train
032_564.png;healthy;train
015_1005.png;healthy;train
003_156.png;healthy;train
015_1272.png;healthy;train
004_386.png;healthy;train
032_946.png;healthy;train
017_082.png;healthy;train
007_159.png;healthy;train
017_018.png;healthy;train
040_388.png;Varroa, Small Hive Beetles;train
010_668.png;healthy;train
040_238.png;Varroa, Small Hive Beetles;train
038_417.png;Varroa, Small Hive Beetles;train
004_373.png;healthy;train
010_437.png;healthy;train
021_210.png;healthy;train
031_094.png;Varroa, Small Hive Beetles;train
030_784.png;ant problems;train
025_022.png;healthy;train
040_533.png;Varroa, Small Hive Beetles;train
038_464.png;Varroa, Small Hive Beetles;train
017_052.png;healthy;train
041_075.png;hive being robbed;train
015_276.png;healthy;train
032_462.png;healthy;train
012_011.png;healthy;train
040_505.png;Varroa, Small Hive Beetles;train
034_045.png;missing queen;train
043_059.png;hive being robbed;train
003_270.png;healthy;train
002_033.png;healthy;train
040_387.png;Varroa, Small Hive Beetles;train
015_1026.png;healthy;train
046_170.png;healthy;train
008_254.png;healthy;train
010_605.png;healthy;train
040_381.png;Varroa, Small Hive Beetles;train
022_215.png;healthy;train
032_818.png;healthy;train
015_613.png;healthy;train
038_065.png;Varroa, Small Hive Beetles;train
010_826.png;healthy;train
010_818.png;healthy;train
015_1119.png;healthy;train
032_914.png;healthy;train
037_021.png;hive being robbed;train
005_372.png;healthy;train
043_003.png;hive being robbed;train
035_019.png;Varroa, Small Hive Beetles;train
039_001.png;hive being robbed;train
046_010.png;healthy;train
022_114.png;healthy;train
038_443.png;Varroa, Small Hive Beetles;train
007_187.png;healthy;train
030_819.png;ant problems;train
030_617.png;ant problems;train
010_848.png;healthy;train
030_850.png;ant problems;train
046_004.png;healthy;train
030_713.png;ant problems;train
038_461.png;Varroa, Small Hive Beetles;train
038_203.png;Varroa, Small Hive Beetles;train
016_010.png;healthy;train
033_061.png;healthy;train
004_260.png;healthy;train
040_148.png;Varroa, Small Hive Beetles;train
005_565.png;healthy;train
016_249.png;healthy;train
016_229.png;healthy;train
019_597.png;healthy;train
010_718.png;healthy;train
009_069.png;healthy;train
038_268.png;Varroa, Small Hive Beetles;train
038_311.png;Varroa, Small Hive Beetles;train
015_298.png;healthy;train
032_658.png;healthy;train
046_101.png;healthy;train
023_011.png;healthy;train
005_504.png;healthy;train
032_673.png;healthy;train
015_1055.png;healthy;train
010_547.png;healthy;train
010_595.png;healthy;train
019_1345.png;healthy;train
038_173.png;Varroa, Small Hive Beetles;train
046_081.png;healthy;train
021_039.png;healthy;train
034_019.png;missing queen;train
008_209.png;healthy;train
038_104.png;Varroa, Small Hive Beetles;train
015_987.png;healthy;train
040_233.png;Varroa, Small Hive Beetles;train
010_241.png;healthy;train
022_407.png;healthy;train
038_187.png;Varroa, Small Hive Beetles;train
032_719.png;healthy;train
015_571.png;healthy;train
015_795.png;healthy;train
032_405.png;healthy;train
030_212.png;ant problems;train
041_003.png;hive being robbed;train
038_318.png;Varroa, Small Hive Beetles;train
041_067.png;hive being robbed;train
041_019.png;hive being robbed;train
011_019.png;healthy;train
004_213.png;healthy;train
015_819.png;healthy;train
029_015.png;healthy;train
037_020.png;hive being robbed;train
008_235.png;healthy;train
004_274.png;healthy;train
038_056.png;Varroa, Small Hive Beetles;train
043_070.png;hive being robbed;train
040_398.png;Varroa, Small Hive Beetles;train
022_302.png;healthy;train
021_221.png;healthy;train
040_427.png;Varroa, Small Hive Beetles;train
015_588.png;healthy;train
019_691.png;healthy;train
004_476.png;healthy;train
031_069.png;Varroa, Small Hive Beetles;train
038_400.png;Varroa, Small Hive Beetles;train
030_563.png;ant problems;train
040_008.png;Varroa, Small Hive Beetles;train
032_821.png;healthy;train
019_1034.png;healthy;train
009_078.png;healthy;train
019_867.png;healthy;train
019_816.png;healthy;train
038_453.png;Varroa, Small Hive Beetles;train
043_065.png;hive being robbed;train
030_813.png;ant problems;train
032_573.png;healthy;train
008_091.png;healthy;train
040_454.png;Varroa, Small Hive Beetles;train
032_603.png;healthy;train
022_206.png;healthy;train
031_133.png;Varroa, Small Hive Beetles;train
004_205.png;healthy;train
020_006.png;healthy;train
024_009.png;healthy;train
030_711.png;ant problems;train
023_013.png;healthy;train
008_127.png;healthy;train
032_413.png;healthy;train
019_932.png;healthy;train
004_262.png;healthy;train
030_715.png;ant problems;train
032_114.png;healthy;train
032_585.png;healthy;train
005_475.png;healthy;train
046_006.png;healthy;train
030_866.png;ant problems;train
001_135.png;healthy;train
005_467.png;healthy;train
038_046.png;Varroa, Small Hive Beetles;train
031_003.png;Varroa, Small Hive Beetles;train
004_419.png;healthy;train
040_314.png;Varroa, Small Hive Beetles;train
005_411.png;healthy;train
005_392.png;healthy;train
005_264.png;healthy;train
022_199.png;healthy;train
008_086.png;healthy;train
030_760.png;ant problems;train
010_522.png;healthy;train
015_1147.png;healthy;train
030_489.png;ant problems;train
005_558.png;healthy;train
004_349.png;healthy;train
033_038.png;healthy;train
009_040.png;healthy;train
031_067.png;Varroa, Small Hive Beetles;train
030_717.png;ant problems;train
032_710.png;healthy;train
004_314.png;healthy;train
015_1017.png;healthy;train
008_250.png;healthy;train
010_486.png;healthy;train
008_078.png;healthy;train
046_052.png;healthy;train
008_253.png;healthy;train
019_243.png;healthy;train
034_032.png;missing queen;train
010_707.png;healthy;train
015_249.png;healthy;train
022_364.png;healthy;train
032_897.png;healthy;train
010_519.png;healthy;train
019_1283.png;healthy;train
003_209.png;healthy;train
032_754.png;healthy;train
040_245.png;Varroa, Small Hive Beetles;train
040_110.png;Varroa, Small Hive Beetles;train
019_858.png;healthy;train
040_145.png;Varroa, Small Hive Beetles;train
030_514.png;ant problems;train
004_442.png;healthy;train
030_781.png;ant problems;train
030_160.png;ant problems;train
038_414.png;Varroa, Small Hive Beetles;train
021_105.png;healthy;train
038_208.png;Varroa, Small Hive Beetles;train
015_310.png;healthy;train
021_136.png;healthy;train
010_368.png;healthy;train
021_217.png;healthy;train
015_1190.png;healthy;train
030_656.png;ant problems;train
005_206.png;healthy;train
032_777.png;healthy;train
015_1176.png;healthy;train
015_1041.png;healthy;train
010_827.png;healthy;train
019_1109.png;healthy;train
030_851.png;ant problems;train
018_026.png;healthy;train
032_797.png;healthy;train
004_403.png;healthy;train
005_624.png;healthy;train
043_053.png;hive being robbed;train
030_229.png;ant problems;train
032_803.png;healthy;train
021_074.png;healthy;train
008_271.png;healthy;train
038_110.png;Varroa, Small Hive Beetles;train
032_258.png;healthy;train
030_188.png;ant problems;train
015_801.png;healthy;train
010_134.png;healthy;train
038_149.png;Varroa, Small Hive Beetles;train
046_154.png;healthy;train
008_282.png;healthy;train
005_433.png;healthy;train
015_741.png;healthy;train
032_465.png;healthy;train
010_279.png;healthy;train
030_667.png;ant problems;train
030_648.png;ant problems;train
010_535.png;healthy;train
030_170.png;ant problems;train
040_469.png;Varroa, Small Hive Beetles;train
038_190.png;Varroa, Small Hive Beetles;train
030_846.png;ant problems;train
037_019.png;hive being robbed;train
032_903.png;healthy;train
040_552.png;Varroa, Small Hive Beetles;train
032_588.png;healthy;train
003_281.png;healthy;train
030_669.png;ant problems;train
032_706.png;healthy;train
015_841.png;healthy;train
040_028.png;Varroa, Small Hive Beetles;train
032_716.png;healthy;train
005_414.png;healthy;train
040_333.png;Varroa, Small Hive Beetles;train
019_321.png;healthy;train
005_128.png;healthy;train
019_1171.png;healthy;train
038_070.png;Varroa, Small Hive Beetles;train
009_080.png;healthy;train
004_175.png;healthy;train
025_019.png;healthy;train
030_691.png;ant problems;train
040_375.png;Varroa, Small Hive Beetles;train
038_004.png;Varroa, Small Hive Beetles;train
015_700.png;healthy;train
038_184.png;Varroa, Small Hive Beetles;train
016_164.png;healthy;train
032_837.png;healthy;train
038_329.png;Varroa, Small Hive Beetles;train
008_243.png;healthy;train
033_049.png;healthy;train
015_710.png;healthy;train
010_709.png;healthy;train
015_869.png;healthy;train
032_616.png;healthy;train
016_073.png;healthy;train
003_034.png;healthy;train
041_044.png;hive being robbed;train
040_194.png;Varroa, Small Hive Beetles;train
004_385.png;healthy;train
039_002.png;hive being robbed;train
015_667.png;healthy;train
010_340.png;healthy;train
040_136.png;Varroa, Small Hive Beetles;train
038_419.png;Varroa, Small Hive Beetles;train
046_035.png;healthy;train
005_571.png;healthy;train
010_656.png;healthy;train
029_016.png;healthy;train
010_727.png;healthy;train
038_327.png;Varroa, Small Hive Beetles;train
004_107.png;healthy;train
043_056.png;hive being robbed;train
040_429.png;Varroa, Small Hive Beetles;train
032_289.png;healthy;train
004_139.png;healthy;train
015_1085.png;healthy;train
015_1205.png;healthy;train
003_279.png;healthy;train
035_033.png;Varroa, Small Hive Beetles;train
032_930.png;healthy;train
032_672.png;healthy;train
021_175.png;healthy;train
040_423.png;Varroa, Small Hive Beetles;train
005_535.png;healthy;train
015_574.png;healthy;train
032_938.png;healthy;train
008_052.png;healthy;train
004_411.png;healthy;train
030_165.png;ant problems;train
015_818.png;healthy;train
005_425.png;healthy;train
019_1266.png;healthy;train
008_222.png;healthy;train
005_462.png;healthy;train
019_1118.png;healthy;train
015_1198.png;healthy;train
022_176.png;healthy;train
038_177.png;Varroa, Small Hive Beetles;train
022_383.png;healthy;train
030_166.png;ant problems;train
038_353.png;Varroa, Small Hive Beetles;train
032_547.png;healthy;train
015_962.png;healthy;train
022_104.png;healthy;train
002_054.png;healthy;train
019_606.png;healthy;train
025_017.png;healthy;train
041_072.png;hive being robbed;train
036_069.png;Varroa, Small Hive Beetles;train
040_061.png;Varroa, Small Hive Beetles;train
030_616.png;ant problems;train
038_301.png;Varroa, Small Hive Beetles;train
010_444.png;healthy;train
019_991.png;healthy;train
005_360.png;healthy;train
041_065.png;hive being robbed;train
032_401.png;healthy;train
004_449.png;healthy;train
015_1016.png;healthy;train
032_899.png;healthy;train
043_019.png;hive being robbed;train
038_383.png;Varroa, Small Hive Beetles;train
032_116.png;healthy;train
010_456.png;healthy;train
015_809.png;healthy;train
001_093.png;healthy;train
032_411.png;healthy;train
027_008.png;healthy;train
015_304.png;healthy;train
030_829.png;ant problems;train
040_560.png;Varroa, Small Hive Beetles;train
004_445.png;healthy;train
021_099.png;healthy;train
015_513.png;healthy;train
015_1010.png;healthy;train
030_854.png;ant problems;train
034_024.png;missing queen;train
019_1286.png;healthy;train
043_066.png;hive being robbed;train
015_1109.png;healthy;train
032_784.png;healthy;train
015_825.png;healthy;train
030_768.png;ant problems;train
004_408.png;healthy;train
004_201.png;healthy;train
040_402.png;Varroa, Small Hive Beetles;train
042_004.png;hive being robbed;train
021_016.png;healthy;train
003_274.png;healthy;train
032_934.png;healthy;train
030_566.png;ant problems;train
010_296.png;healthy;train
040_253.png;Varroa, Small Hive Beetles;train
022_413.png;healthy;train
031_127.png;Varroa, Small Hive Beetles;train
030_836.png;ant problems;train
001_054.png;healthy;train
008_121.png;healthy;train
038_273.png;Varroa, Small Hive Beetles;train
041_039.png;hive being robbed;train
030_825.png;ant problems;train
032_448.png;healthy;train
038_381.png;Varroa, Small Hive Beetles;train
040_413.png;Varroa, Small Hive Beetles;train
037_007.png;hive being robbed;train
019_714.png;healthy;train
010_766.png;healthy;train
010_642.png;healthy;train
016_160.png;healthy;train
032_063.png;healthy;train
046_088.png;healthy;train
032_823.png;healthy;train
038_080.png;Varroa, Small Hive Beetles;train
010_497.png;healthy;train
040_484.png;Varroa, Small Hive Beetles;train
032_361.png;healthy;train
013_021.png;ant problems;train
005_595.png;healthy;train
017_000.png;healthy;train
030_739.png;ant problems;train
004_372.png;healthy;train
032_529.png;healthy;train
046_128.png;healthy;train
030_679.png;ant problems;train
030_412.png;ant problems;train
015_760.png;healthy;train
032_802.png;healthy;train
038_141.png;Varroa, Small Hive Beetles;train
021_203.png;healthy;train
040_104.png;Varroa, Small Hive Beetles;train
016_139.png;healthy;train
046_038.png;healthy;train
019_1038.png;healthy;train
043_043.png;hive being robbed;train
040_007.png;Varroa, Small Hive Beetles;train
010_757.png;healthy;train
043_017.png;hive being robbed;train
032_503.png;healthy;train
019_1054.png;healthy;train
019_942.png;healthy;train
046_172.png;healthy;train
030_215.png;ant problems;train
038_064.png;Varroa, Small Hive Beetles;train
005_401.png;healthy;train
041_052.png;hive being robbed;train
005_555.png;healthy;train
040_304.png;Varroa, Small Hive Beetles;train
038_399.png;Varroa, Small Hive Beetles;train
015_459.png;healthy;train
040_345.png;Varroa, Small Hive Beetles;train
038_181.png;Varroa, Small Hive Beetles;train
022_359.png;healthy;train
008_050.png;healthy;train
005_498.png;healthy;train
027_012.png;healthy;train
008_178.png;healthy;train
040_437.png;Varroa, Small Hive Beetles;train
010_627.png;healthy;train
040_329.png;Varroa, Small Hive Beetles;train
019_1307.png;healthy;train
030_362.png;ant problems;train
010_419.png;healthy;train
015_610.png;healthy;train
019_1095.png;healthy;train
040_025.png;Varroa, Small Hive Beetles;train
019_1311.png;healthy;train
038_219.png;Varroa, Small Hive Beetles;train
019_796.png;healthy;train
038_216.png;Varroa, Small Hive Beetles;train
043_064.png;hive being robbed;train
022_387.png;healthy;train
019_767.png;healthy;train
010_443.png;healthy;train
046_190.png;healthy;train
040_123.png;Varroa, Small Hive Beetles;train
036_107.png;Varroa, Small Hive Beetles;train
038_134.png;Varroa, Small Hive Beetles;train
040_338.png;Varroa, Small Hive Beetles;train
022_275.png;healthy;train
015_1057.png;healthy;train
010_740.png;healthy;train
030_641.png;ant problems;train
013_030.png;ant problems;train
005_361.png;healthy;train
030_210.png;ant problems;train
022_062.png;healthy;train
032_631.png;healthy;train
039_024.png;hive being robbed;train
038_246.png;Varroa, Small Hive Beetles;train
010_803.png;healthy;train
031_106.png;Varroa, Small Hive Beetles;train
010_782.png;healthy;train
032_549.png;healthy;train
038_394.png;Varroa, Small Hive Beetles;train
015_473.png;healthy;train
016_162.png;healthy;train
030_805.png;ant problems;train
030_682.png;ant problems;train
008_258.png;healthy;train
038_127.png;Varroa, Small Hive Beetles;train
046_147.png;healthy;train
005_210.png;healthy;train
040_212.png;Varroa, Small Hive Beetles;train
003_208.png;healthy;train
046_025.png;healthy;train
038_450.png;Varroa, Small Hive Beetles;train
010_730.png;healthy;train
038_009.png;Varroa, Small Hive Beetles;train
032_796.png;healthy;train
002_115.png;healthy;train
040_354.png;Varroa, Small Hive Beetles;train
015_937.png;healthy;train
040_456.png;Varroa, Small Hive Beetles;train
032_771.png;healthy;train
010_839.png;healthy;train
010_293.png;healthy;train
005_173.png;healthy;train
040_532.png;Varroa, Small Hive Beetles;train
032_632.png;healthy;train
019_282.png;healthy;train
004_380.png;healthy;train
010_791.png;healthy;train
032_768.png;healthy;train
040_073.png;Varroa, Small Hive Beetles;train
038_367.png;Varroa, Small Hive Beetles;train
013_024.png;ant problems;train
030_762.png;ant problems;train
005_529.png;healthy;train
041_055.png;hive being robbed;train
015_942.png;healthy;train
032_915.png;healthy;train
043_023.png;hive being robbed;train
038_024.png;Varroa, Small Hive Beetles;train
009_082.png;healthy;train
019_976.png;healthy;train
015_1132.png;healthy;train
004_428.png;healthy;train
040_391.png;Varroa, Small Hive Beetles;train
019_657.png;healthy;train
011_028.png;healthy;train
004_328.png;healthy;train
040_254.png;Varroa, Small Hive Beetles;train
008_069.png;healthy;train
010_382.png;healthy;train
040_343.png;Varroa, Small Hive Beetles;train
042_006.png;hive being robbed;train
019_1183.png;healthy;train
015_820.png;healthy;train
017_047.png;healthy;train
015_316.png;healthy;train
038_315.png;Varroa, Small Hive Beetles;train
030_812.png;ant problems;train
038_366.png;Varroa, Small Hive Beetles;train
019_1181.png;healthy;train
010_755.png;healthy;train
008_079.png;healthy;train
017_087.png;healthy;train
008_228.png;healthy;train
032_428.png;healthy;train
004_485.png;healthy;train
019_425.png;healthy;train
042_020.png;hive being robbed;train
003_179.png;healthy;train
010_435.png;healthy;train
022_345.png;healthy;train
030_647.png;ant problems;train
019_702.png;healthy;train
019_518.png;healthy;train
010_811.png;healthy;train
038_412.png;Varroa, Small Hive Beetles;train
019_869.png;healthy;train
040_471.png;Varroa, Small Hive Beetles;train
032_891.png;healthy;train
015_953.png;healthy;train
021_111.png;healthy;train
010_573.png;healthy;train
022_425.png;healthy;train
041_049.png;hive being robbed;train
031_063.png;Varroa, Small Hive Beetles;train
038_236.png;Varroa, Small Hive Beetles;train
017_053.png;healthy;train
015_638.png;healthy;train
038_164.png;Varroa, Small Hive Beetles;train
032_417.png;healthy;train
046_148.png;healthy;train
030_701.png;ant problems;train
032_617.png;healthy;train
038_395.png;Varroa, Small Hive Beetles;train
010_644.png;healthy;train
038_133.png;Varroa, Small Hive Beetles;train
008_295.png;healthy;train
040_401.png;Varroa, Small Hive Beetles;train
019_962.png;healthy;train
032_488.png;healthy;train
022_100.png;healthy;train
019_1314.png;healthy;train
040_288.png;Varroa, Small Hive Beetles;train
040_521.png;Varroa, Small Hive Beetles;train
030_172.png;ant problems;train
022_373.png;healthy;train
003_154.png;healthy;train
032_511.png;healthy;train
036_082.png;Varroa, Small Hive Beetles;train
005_312.png;healthy;train
010_719.png;healthy;train
038_379.png;Varroa, Small Hive Beetles;train
004_465.png;healthy;train
021_233.png;healthy;train
005_306.png;healthy;train
046_102.png;healthy;train
004_427.png;healthy;train
004_312.png;healthy;train
040_356.png;Varroa, Small Hive Beetles;train
019_854.png;healthy;train
038_059.png;Varroa, Small Hive Beetles;train
004_266.png;healthy;train
042_031.png;hive being robbed;train
040_550.png;Varroa, Small Hive Beetles;train
040_107.png;Varroa, Small Hive Beetles;train
038_209.png;Varroa, Small Hive Beetles;train
032_780.png;healthy;train
019_533.png;healthy;train
030_748.png;ant problems;train
015_996.png;healthy;train
016_279.png;healthy;train
004_272.png;healthy;train
032_272.png;healthy;train
032_505.png;healthy;train
005_584.png;healthy;train
010_281.png;healthy;train
030_189.png;ant problems;train
005_602.png;healthy;train
032_812.png;healthy;train
032_517.png;healthy;train
010_745.png;healthy;train
041_074.png;hive being robbed;train
030_449.png;ant problems;train
041_070.png;hive being robbed;train
015_1062.png;healthy;train
003_135.png;healthy;train
021_159.png;healthy;train
015_1257.png;healthy;train
021_213.png;healthy;train
032_774.png;healthy;train
032_883.png;healthy;train
019_441.png;healthy;train
035_045.png;Varroa, Small Hive Beetles;train
046_167.png;healthy;train
038_442.png;Varroa, Small Hive Beetles;train
010_120.png;healthy;train
030_699.png;ant problems;train
015_1094.png;healthy;train
033_060.png;healthy;train
010_396.png;healthy;train
022_237.png;healthy;train
032_634.png;healthy;train
030_855.png;ant problems;train
040_557.png;Varroa, Small Hive Beetles;train
024_020.png;healthy;train
043_060.png;hive being robbed;train
004_457.png;healthy;train
010_285.png;healthy;train
030_800.png;ant problems;train
004_346.png;healthy;train
040_267.png;Varroa, Small Hive Beetles;train
021_158.png;healthy;train
030_312.png;ant problems;train
030_613.png;ant problems;train
018_034.png;healthy;train
013_029.png;ant problems;train
040_562.png;Varroa, Small Hive Beetles;train
013_022.png;ant problems;train
009_044.png;healthy;train
029_004.png;healthy;train
019_589.png;healthy;train
010_708.png;healthy;train
045_017.png;hive being robbed;train
010_485.png;healthy;train
038_039.png;Varroa, Small Hive Beetles;train
021_240.png;healthy;train
040_248.png;Varroa, Small Hive Beetles;train
038_157.png;Varroa, Small Hive Beetles;train
008_206.png;healthy;train
015_1265.png;healthy;train
032_817.png;healthy;train
010_739.png;healthy;train
010_802.png;healthy;train
040_435.png;Varroa, Small Hive Beetles;train
022_239.png;healthy;train
019_664.png;healthy;train
017_109.png;healthy;train
004_216.png;healthy;train
043_069.png;hive being robbed;train
016_210.png;healthy;train
030_367.png;ant problems;train
038_135.png;Varroa, Small Hive Beetles;train
040_051.png;Varroa, Small Hive Beetles;train
009_055.png;healthy;train
038_160.png;Varroa, Small Hive Beetles;train
022_388.png;healthy;train
017_060.png;healthy;train
041_058.png;hive being robbed;train
017_101.png;healthy;train
040_444.png;Varroa, Small Hive Beetles;train
038_350.png;Varroa, Small Hive Beetles;train
032_900.png;healthy;train
040_072.png;Varroa, Small Hive Beetles;train
021_235.png;healthy;train
022_360.png;healthy;train
032_412.png;healthy;train
015_766.png;healthy;train
003_191.png;healthy;train
030_680.png;ant problems;train
032_620.png;healthy;train
022_392.png;healthy;train
003_230.png;healthy;train
030_615.png;ant problems;train
038_351.png;Varroa, Small Hive Beetles;train
032_259.png;healthy;train
035_025.png;Varroa, Small Hive Beetles;train
031_081.png;Varroa, Small Hive Beetles;train
008_225.png;healthy;train
009_089.png;healthy;train
038_452.png;Varroa, Small Hive Beetles;train
010_844.png;healthy;train
019_1197.png;healthy;train
017_028.png;healthy;train
040_143.png;Varroa, Small Hive Beetles;train
015_941.png;healthy;train
038_014.png;Varroa, Small Hive Beetles;train
015_461.png;healthy;train
015_512.png;healthy;train
038_120.png;Varroa, Small Hive Beetles;train
030_012.png;ant problems;train
040_217.png;Varroa, Small Hive Beetles;train
010_286.png;healthy;train
030_438.png;ant problems;train
001_095.png;healthy;train
015_662.png;healthy;train
008_247.png;healthy;train
040_153.png;Varroa, Small Hive Beetles;train
033_072.png;healthy;train
017_054.png;healthy;train
040_062.png;Varroa, Small Hive Beetles;train
040_140.png;Varroa, Small Hive Beetles;train
046_108.png;healthy;train
019_481.png;healthy;train
019_1031.png;healthy;train
040_303.png;Varroa, Small Hive Beetles;train
038_295.png;Varroa, Small Hive Beetles;train
004_344.png;healthy;train
008_146.png;healthy;train
040_463.png;Varroa, Small Hive Beetles;train
032_572.png;healthy;train
022_167.png;healthy;train
021_222.png;healthy;train
015_943.png;healthy;train
018_040.png;healthy;train
030_719.png;ant problems;train
038_121.png;Varroa, Small Hive Beetles;train
038_279.png;Varroa, Small Hive Beetles;train
038_326.png;Varroa, Small Hive Beetles;train
040_141.png;Varroa, Small Hive Beetles;train
038_387.png;Varroa, Small Hive Beetles;train
005_299.png;healthy;train
046_184.png;healthy;train
003_251.png;healthy;train
040_308.png;Varroa, Small Hive Beetles;train
032_576.png;healthy;train
016_251.png;healthy;train
004_397.png;healthy;train
019_1378.png;healthy;train
008_236.png;healthy;train
040_363.png;Varroa, Small Hive Beetles;train
019_1277.png;healthy;train
016_299.png;healthy;train
032_798.png;healthy;train
022_370.png;healthy;train
010_308.png;healthy;train
040_161.png;Varroa, Small Hive Beetles;train
002_053.png;healthy;train
005_089.png;healthy;train
004_303.png;healthy;train
008_097.png;healthy;train
040_010.png;Varroa, Small Hive Beetles;train
032_783.png;healthy;train
004_460.png;healthy;train
024_023.png;healthy;train
032_842.png;healthy;train
015_765.png;healthy;train
010_602.png;healthy;train
018_045.png;healthy;train
035_024.png;Varroa, Small Hive Beetles;train
010_294.png;healthy;train
010_565.png;healthy;train
032_338.png;healthy;train
038_170.png;Varroa, Small Hive Beetles;train
004_301.png;healthy;train
030_678.png;ant problems;train
046_043.png;healthy;train
008_269.png;healthy;train
004_382.png;healthy;train
040_108.png;Varroa, Small Hive Beetles;train
038_202.png;Varroa, Small Hive Beetles;train
046_086.png;healthy;train
017_106.png;healthy;train
046_029.png;healthy;train
007_163.png;healthy;train
016_111.png;healthy;train
021_209.png;healthy;train
015_711.png;healthy;train
004_407.png;healthy;train
003_009.png;healthy;train
032_077.png;healthy;train
004_466.png;healthy;train
032_498.png;healthy;train
038_045.png;Varroa, Small Hive Beetles;train
046_071.png;healthy;train
005_547.png;healthy;train
041_036.png;hive being robbed;train
015_1260.png;healthy;train
023_010.png;healthy;train
030_799.png;ant problems;train
046_022.png;healthy;train
030_217.png;ant problems;train
043_036.png;hive being robbed;train
005_470.png;healthy;train
030_741.png;ant problems;train
005_625.png;healthy;train
037_008.png;hive being robbed;train
032_854.png;healthy;train
008_191.png;healthy;train
030_714.png;ant problems;train
022_266.png;healthy;train
015_400.png;healthy;train
003_151.png;healthy;train
030_698.png;ant problems;train
007_174.png;healthy;train
038_200.png;Varroa, Small Hive Beetles;train
019_839.png;healthy;train
015_1268.png;healthy;train
030_149.png;ant problems;train
015_1209.png;healthy;train
016_297.png;healthy;train
041_022.png;hive being robbed;train
029_006.png;healthy;train
019_1315.png;healthy;train
017_119.png;healthy;train
017_027.png;healthy;train
030_410.png;ant problems;train
032_757.png;healthy;train
030_661.png;ant problems;train
022_171.png;healthy;train
015_974.png;healthy;train
022_316.png;healthy;train
038_221.png;Varroa, Small Hive Beetles;train
010_575.png;healthy;train
015_1186.png;healthy;train
019_1195.png;healthy;train
015_1039.png;healthy;train
033_090.png;healthy;train
024_008.png;healthy;train
019_1088.png;healthy;train
010_343.png;healthy;train
041_032.png;hive being robbed;train
015_1249.png;healthy;train
015_300.png;healthy;train
019_494.png;healthy;train
019_690.png;healthy;train
031_119.png;Varroa, Small Hive Beetles;train
030_228.png;ant problems;train
032_271.png;healthy;train
041_060.png;hive being robbed;train
022_303.png;healthy;train
030_843.png;ant problems;train
021_188.png;healthy;train
021_194.png;healthy;train
032_937.png;healthy;train
007_116.png;healthy;train
002_100.png;healthy;train
030_371.png;ant problems;train
032_851.png;healthy;train
038_362.png;Varroa, Small Hive Beetles;train
046_121.png;healthy;train
019_1192.png;healthy;train
010_748.png;healthy;train
004_459.png;healthy;train
040_182.png;Varroa, Small Hive Beetles;train
005_339.png;healthy;train
016_212.png;healthy;train
004_367.png;healthy;train
010_590.png;healthy;train
038_008.png;Varroa, Small Hive Beetles;train
038_093.png;Varroa, Small Hive Beetles;train
019_1367.png;healthy;train
030_721.png;ant problems;train
022_223.png;healthy;train
030_640.png;ant problems;train
040_396.png;Varroa, Small Hive Beetles;train
030_401.png;ant problems;train
005_546.png;healthy;train
019_1208.png;healthy;train
005_273.png;healthy;train
004_376.png;healthy;train
008_296.png;healthy;train
009_088.png;healthy;train
009_095.png;healthy;train
015_1250.png;healthy;train
005_328.png;healthy;train
019_1160.png;healthy;train
010_525.png;healthy;train
032_929.png;healthy;train
018_035.png;healthy;train
032_474.png;healthy;train
005_520.png;healthy;train
032_102.png;healthy;train
008_292.png;healthy;train
040_475.png;Varroa, Small Hive Beetles;train
005_540.png;healthy;train
033_059.png;healthy;train
039_011.png;hive being robbed;train
004_423.png;healthy;train
038_193.png;Varroa, Small Hive Beetles;train
005_534.png;healthy;train
032_117.png;healthy;train
015_1116.png;healthy;train
019_820.png;healthy;train
030_497.png;ant problems;train
015_666.png;healthy;train
030_844.png;ant problems;train
019_849.png;healthy;train
022_328.png;healthy;train
019_1124.png;healthy;train
030_797.png;ant problems;train
032_339.png;healthy;train
030_214.png;ant problems;train
009_093.png;healthy;train
005_619.png;healthy;train
005_439.png;healthy;train
020_005.png;healthy;train
003_193.png;healthy;train
032_932.png;healthy;train
040_082.png;Varroa, Small Hive Beetles;train
030_464.png;ant problems;train
019_1168.png;healthy;train
032_565.png;healthy;train
032_460.png;healthy;train
010_287.png;healthy;train
004_198.png;healthy;train
018_027.png;healthy;train
040_204.png;Varroa, Small Hive Beetles;train
010_508.png;healthy;train
038_105.png;Varroa, Small Hive Beetles;train
032_834.png;healthy;train
040_235.png;Varroa, Small Hive Beetles;train
030_161.png;ant problems;train
019_1252.png;healthy;train
032_766.png;healthy;train
010_725.png;healthy;train
040_358.png;Varroa, Small Hive Beetles;train
005_472.png;healthy;train
040_499.png;Varroa, Small Hive Beetles;train
041_000.png;hive being robbed;train
010_533.png;healthy;train
036_080.png;Varroa, Small Hive Beetles;train
023_007.png;healthy;train
032_919.png;healthy;train
015_1194.png;healthy;train
015_1216.png;healthy;train
021_216.png;healthy;train
019_908.png;healthy;train
016_198.png;healthy;train
004_412.png;healthy;train
032_562.png;healthy;train
040_228.png;Varroa, Small Hive Beetles;train
003_197.png;healthy;train
010_441.png;healthy;train
031_126.png;Varroa, Small Hive Beetles;train
005_304.png;healthy;train
038_281.png;Varroa, Small Hive Beetles;train
015_931.png;healthy;train
002_082.png;healthy;train
002_087.png;healthy;train
040_501.png;Varroa, Small Hive Beetles;train
038_258.png;Varroa, Small Hive Beetles;train
032_263.png;healthy;train
030_299.png;ant problems;train
022_229.png;healthy;train
030_881.png;ant problems;train
010_319.png;healthy;train
031_072.png;Varroa, Small Hive Beetles;train
017_021.png;healthy;train
010_749.png;healthy;train
003_194.png;healthy;train
004_341.png;healthy;train
034_049.png;missing queen;train
046_135.png;healthy;train
019_1205.png;healthy;train
005_583.png;healthy;train
008_093.png;healthy;train
015_830.png;healthy;train
019_253.png;healthy;train
005_562.png;healthy;train
006_006.png;healthy;train
045_016.png;hive being robbed;train
032_743.png;healthy;train
043_077.png;hive being robbed;train
040_509.png;Varroa, Small Hive Beetles;train
032_731.png;healthy;train
001_085.png;healthy;train
016_110.png;healthy;train
032_249.png;healthy;train
015_1164.png;healthy;train
015_856.png;healthy;train
039_005.png;hive being robbed;train
003_153.png;healthy;train
032_609.png;healthy;train
001_164.png;healthy;train
019_899.png;healthy;train
040_403.png;Varroa, Small Hive Beetles;train
030_572.png;ant problems;train
030_399.png;ant problems;train
038_096.png;Varroa, Small Hive Beetles;train
038_101.png;Varroa, Small Hive Beetles;train
030_809.png;ant problems;train
017_059.png;healthy;train
019_639.png;healthy;train
015_844.png;healthy;train
005_611.png;healthy;train
016_200.png;healthy;train
040_200.png;Varroa, Small Hive Beetles;train
030_880.png;ant problems;train
015_992.png;healthy;train
010_325.png;healthy;train
032_371.png;healthy;train
003_157.png;healthy;train
040_271.png;Varroa, Small Hive Beetles;train
019_1002.png;healthy;train
040_287.png;Varroa, Small Hive Beetles;train
038_136.png;Varroa, Small Hive Beetles;train
015_847.png;healthy;train
019_1172.png;healthy;train
039_010.png;hive being robbed;train
016_300.png;healthy;train
015_104.png;healthy;train
005_347.png;healthy;train
032_362.png;healthy;train
003_250.png;healthy;train
040_174.png;Varroa, Small Hive Beetles;train
006_004.png;healthy;train
030_654.png;ant problems;train
004_433.png;healthy;train
038_356.png;Varroa, Small Hive Beetles;train
019_961.png;healthy;train
032_100.png;healthy;train
015_761.png;healthy;train
022_259.png;healthy;train
019_953.png;healthy;train
032_388.png;healthy;train
035_054.png;Varroa, Small Hive Beetles;train
046_175.png;healthy;train
038_378.png;Varroa, Small Hive Beetles;train
021_231.png;healthy;train
038_313.png;Varroa, Small Hive Beetles;train
015_105.png;healthy;train
032_471.png;healthy;train
038_444.png;Varroa, Small Hive Beetles;train
008_205.png;healthy;train
009_102.png;healthy;train
019_1304.png;healthy;train
003_232.png;healthy;train
005_542.png;healthy;train
046_129.png;healthy;train
021_205.png;healthy;train
015_794.png;healthy;train
005_419.png;healthy;train
019_1176.png;healthy;train
015_780.png;healthy;train
015_1225.png;healthy;train
016_242.png;healthy;train
019_722.png;healthy;train
005_395.png;healthy;train
005_427.png;healthy;train
008_259.png;healthy;train
040_071.png;Varroa, Small Hive Beetles;train
005_099.png;healthy;train
034_021.png;missing queen;train
002_026.png;healthy;train
030_499.png;ant problems;train
030_507.png;ant problems;train
041_068.png;hive being robbed;train
010_324.png;healthy;train
015_303.png;healthy;train
030_695.png;ant problems;train
015_713.png;healthy;train
022_343.png;healthy;train
030_361.png;ant problems;train
015_1178.png;healthy;train
040_225.png;Varroa, Small Hive Beetles;train
030_789.png;ant problems;train
022_175.png;healthy;train
035_057.png;Varroa, Small Hive Beetles;train
010_768.png;healthy;train
019_483.png;healthy;train
021_098.png;healthy;train
040_086.png;Varroa, Small Hive Beetles;train
024_018.png;healthy;train
040_023.png;Varroa, Small Hive Beetles;train
033_064.png;healthy;train
038_089.png;Varroa, Small Hive Beetles;train
032_579.png;healthy;train
030_675.png;ant problems;train
008_168.png;healthy;train
008_244.png;healthy;train
010_586.png;healthy;train
019_910.png;healthy;train
015_714.png;healthy;train
008_180.png;healthy;train
032_472.png;healthy;train
045_002.png;hive being robbed;train
015_1029.png;healthy;train
010_835.png;healthy;train
040_563.png;Varroa, Small Hive Beetles;train
030_681.png;ant problems;train
015_926.png;healthy;train
022_304.png;healthy;train
030_659.png;ant problems;train
040_347.png;Varroa, Small Hive Beetles;train
028_014.png;healthy;train
032_769.png;healthy;train
004_444.png;healthy;train
010_784.png;healthy;train
032_374.png;healthy;train
015_998.png;healthy;train
010_494.png;healthy;train
011_027.png;healthy;train
046_177.png;healthy;train
043_033.png;hive being robbed;train
040_307.png;Varroa, Small Hive Beetles;train
021_162.png;healthy;train
034_044.png;missing queen;train
010_851.png;healthy;train
030_865.png;ant problems;train
009_051.png;healthy;train
038_036.png;Varroa, Small Hive Beetles;train
040_060.png;Varroa, Small Hive Beetles;train
040_177.png;Varroa, Small Hive Beetles;train
046_023.png;healthy;train
031_017.png;Varroa, Small Hive Beetles;train
038_155.png;Varroa, Small Hive Beetles;train
043_012.png;hive being robbed;train
032_793.png;healthy;train
015_1191.png;healthy;train
015_548.png;healthy;train
022_274.png;healthy;train
031_108.png;Varroa, Small Hive Beetles;train
019_1120.png;healthy;train
010_808.png;healthy;train
005_307.png;healthy;train
040_056.png;Varroa, Small Hive Beetles;train
005_506.png;healthy;train
019_1178.png;healthy;train
032_248.png;healthy;train
019_1361.png;healthy;train
017_069.png;healthy;train
031_062.png;Varroa, Small Hive Beetles;train
038_052.png;Varroa, Small Hive Beetles;train
015_829.png;healthy;train
005_516.png;healthy;train
005_111.png;healthy;train
038_455.png;Varroa, Small Hive Beetles;train
040_241.png;Varroa, Small Hive Beetles;train
040_321.png;Varroa, Small Hive Beetles;train
019_1349.png;healthy;train
005_258.png;healthy;train
019_1186.png;healthy;train
038_218.png;Varroa, Small Hive Beetles;train
004_400.png;healthy;train
015_098.png;healthy;train
005_574.png;healthy;train
002_124.png;healthy;train
010_451.png;healthy;train
010_385.png;healthy;train
015_868.png;healthy;train
030_372.png;ant problems;train
004_393.png;healthy;train
045_011.png;hive being robbed;train
004_469.png;healthy;train
009_091.png;healthy;train
010_742.png;healthy;train
017_022.png;healthy;train
046_074.png;healthy;train
030_471.png;ant problems;train
043_034.png;hive being robbed;train
013_026.png;ant problems;train
015_894.png;healthy;train
021_148.png;healthy;train
010_055.png;healthy;train
040_331.png;Varroa, Small Hive Beetles;train
040_309.png;Varroa, Small Hive Beetles;train
004_456.png;healthy;train
005_421.png;healthy;train
032_615.png;healthy;train
040_249.png;Varroa, Small Hive Beetles;train
008_155.png;healthy;train
038_397.png;Varroa, Small Hive Beetles;train
025_020.png;healthy;train
010_493.png;healthy;train
035_041.png;Varroa, Small Hive Beetles;train
038_062.png;Varroa, Small Hive Beetles;train
004_202.png;healthy;train
015_739.png;healthy;train
040_133.png;Varroa, Small Hive Beetles;train
005_476.png;healthy;train
030_685.png;ant problems;train
008_224.png;healthy;train
017_050.png;healthy;train
001_121.png;healthy;train
021_104.png;healthy;train
040_283.png;Varroa, Small Hive Beetles;train
015_529.png;healthy;train
008_153.png;healthy;train
032_901.png;healthy;train
032_567.png;healthy;train
019_1164.png;healthy;train
021_139.png;healthy;train
017_132.png;healthy;train
019_1055.png;healthy;train
010_566.png;healthy;train
038_324.png;Varroa, Small Hive Beetles;train
030_628.png;ant problems;train
013_032.png;ant problems;train
004_388.png;healthy;train
038_349.png;Varroa, Small Hive Beetles;train
022_173.png;healthy;train
005_384.png;healthy;train
005_374.png;healthy;train
021_211.png;healthy;train
015_1145.png;healthy;train
038_098.png;Varroa, Small Hive Beetles;train
010_619.png;healthy;train
016_165.png;healthy;train
019_946.png;healthy;train
039_020.png;hive being robbed;train
022_161.png;healthy;train
045_008.png;hive being robbed;train
030_828.png;ant problems;train
010_251.png;healthy;train
040_237.png;Varroa, Small Hive Beetles;train
032_128.png;healthy;train
030_167.png;ant problems;train
030_475.png;ant problems;train
004_176.png;healthy;train
022_088.png;healthy;train
005_402.png;healthy;train
015_808.png;healthy;train
031_065.png;Varroa, Small Hive Beetles;train
042_025.png;hive being robbed;train
030_700.png;ant problems;train
022_101.png;healthy;train
002_034.png;healthy;train
017_030.png;healthy;train
038_031.png;Varroa, Small Hive Beetles;train
015_813.png;healthy;train
035_044.png;Varroa, Small Hive Beetles;train
010_694.png;healthy;train
015_267.png;healthy;train
019_902.png;healthy;train
010_722.png;healthy;train
040_260.png;Varroa, Small Hive Beetles;train
019_990.png;healthy;train
019_949.png;healthy;train
021_137.png;healthy;train
008_233.png;healthy;train
038_388.png;Varroa, Small Hive Beetles;train
010_122.png;healthy;train
019_785.png;healthy;train
021_129.png;healthy;train
022_396.png;healthy;train
004_366.png;healthy;train
032_881.png;healthy;train
005_499.png;healthy;train
040_411.png;Varroa, Small Hive Beetles;train
040_196.png;Varroa, Small Hive Beetles;train
005_115.png;healthy;train
004_379.png;healthy;train
038_439.png;Varroa, Small Hive Beetles;train
022_107.png;healthy;train
020_013.png;healthy;train
004_480.png;healthy;train
027_005.png;healthy;train
040_334.png;Varroa, Small Hive Beetles;train
033_092.png;healthy;train
004_304.png;healthy;train
022_103.png;healthy;train
041_023.png;hive being robbed;train
015_264.png;healthy;train
015_952.png;healthy;train
013_020.png;ant problems;train
039_012.png;hive being robbed;train
042_016.png;hive being robbed;train
040_030.png;Varroa, Small Hive Beetles;train
008_268.png;healthy;train
017_010.png;healthy;train
017_084.png;healthy;train
030_313.png;ant problems;train
017_075.png;healthy;train
010_691.png;healthy;train
046_100.png;healthy;train
038_072.png;Varroa, Small Hive Beetles;train
005_538.png;healthy;train
038_207.png;Varroa, Small Hive Beetles;train
046_181.png;healthy;train
038_029.png;Varroa, Small Hive Beetles;train
015_804.png;healthy;train
032_839.png;healthy;train
040_493.png;Varroa, Small Hive Beetles;train
032_918.png;healthy;train
035_035.png;Varroa, Small Hive Beetles;train
015_1141.png;healthy;train
005_567.png;healthy;train
001_096.png;healthy;train
010_843.png;healthy;train
016_163.png;healthy;train
032_364.png;healthy;train
010_408.png;healthy;train
022_382.png;healthy;train
017_102.png;healthy;train
038_393.png;Varroa, Small Hive Beetles;train
005_199.png;healthy;train
010_820.png;healthy;train
032_667.png;healthy;train
019_094.png;healthy;train
032_892.png;healthy;train
021_116.png;healthy;train
005_117.png;healthy;train
032_539.png;healthy;train
040_050.png;Varroa, Small Hive Beetles;train
019_720.png;healthy;train
005_072.png;healthy;train
027_004.png;healthy;train
032_499.png;healthy;train
038_409.png;Varroa, Small Hive Beetles;train
019_997.png;healthy;train
032_671.png;healthy;train
038_022.png;Varroa, Small Hive Beetles;train
021_160.png;healthy;train
030_830.png;ant problems;train
038_416.png;Varroa, Small Hive Beetles;train
009_045.png;healthy;train
010_292.png;healthy;train
017_019.png;healthy;train
015_271.png;healthy;train
040_202.png;Varroa, Small Hive Beetles;train
038_390.png;Varroa, Small Hive Beetles;train
004_329.png;healthy;train
034_048.png;missing queen;train
022_341.png;healthy;train
015_504.png;healthy;train
043_061.png;hive being robbed;train
001_131.png;healthy;train
040_371.png;Varroa, Small Hive Beetles;train
009_083.png;healthy;train
040_192.png;Varroa, Small Hive Beetles;train
046_110.png;healthy;train
017_077.png;healthy;train
015_1151.png;healthy;train
019_1182.png;healthy;train
019_1169.png;healthy;train
010_612.png;healthy;train
022_077.png;healthy;train
022_059.png;healthy;train
019_1270.png;healthy;train
005_116.png;healthy;train
004_265.png;healthy;train
038_191.png;Varroa, Small Hive Beetles;train
039_029.png;hive being robbed;train
003_262.png;healthy;train
032_852.png;healthy;train
032_699.png;healthy;train
041_038.png;hive being robbed;train
040_138.png;Varroa, Small Hive Beetles;train
038_391.png;Varroa, Small Hive Beetles;train
031_096.png;Varroa, Small Hive Beetles;train
022_334.png;healthy;train
040_137.png;Varroa, Small Hive Beetles;train
043_063.png;hive being robbed;train
005_430.png;healthy;train
010_425.png;healthy;train
015_463.png;healthy;train
030_670.png;ant problems;train
032_728.png;healthy;train
010_518.png;healthy;train
038_308.png;Varroa, Small Hive Beetles;train
046_138.png;healthy;train
032_416.png;healthy;train
038_321.png;Varroa, Small Hive Beetles;train
005_488.png;healthy;train
021_134.png;healthy;train
010_434.png;healthy;train
030_798.png;ant problems;train
005_345.png;healthy;train
019_1154.png;healthy;train
040_246.png;Varroa, Small Hive Beetles;train
015_1127.png;healthy;train
022_362.png;healthy;train
032_911.png;healthy;train
008_087.png;healthy;train
038_437.png;Varroa, Small Hive Beetles;train
015_807.png;healthy;train
019_628.png;healthy;train
022_207.png;healthy;train
004_104.png;healthy;train
032_790.png;healthy;train
032_730.png;healthy;train
010_654.png;healthy;train
038_001.png;Varroa, Small Hive Beetles;train
005_628.png;healthy;train
001_133.png;healthy;train
005_314.png;healthy;train
046_146.png;healthy;train
032_591.png;healthy;train
003_122.png;healthy;train
040_092.png;Varroa, Small Hive Beetles;train
010_297.png;healthy;train
003_187.png;healthy;train
017_009.png;healthy;train
038_176.png;Varroa, Small Hive Beetles;train
022_395.png;healthy;train
038_199.png;Varroa, Small Hive Beetles;train
005_364.png;healthy;train
040_031.png;Varroa, Small Hive Beetles;train
003_225.png;healthy;train
010_731.png;healthy;train
030_360.png;ant problems;train
004_340.png;healthy;train
005_274.png;healthy;train
030_495.png;ant problems;train
032_741.png;healthy;train
015_570.png;healthy;train
005_305.png;healthy;train
005_436.png;healthy;train
016_282.png;healthy;train
038_048.png;Varroa, Small Hive Beetles;train
032_764.png;healthy;train
022_375.png;healthy;train
017_081.png;healthy;train
038_294.png;Varroa, Small Hive Beetles;train
004_450.png;healthy;train
041_006.png;hive being robbed;train
039_018.png;hive being robbed;train
043_058.png;hive being robbed;train
037_004.png;hive being robbed;train
040_115.png;Varroa, Small Hive Beetles;train
008_287.png;healthy;train
040_215.png;Varroa, Small Hive Beetles;train
005_622.png;healthy;train
032_713.png;healthy;train
042_014.png;hive being robbed;train
019_850.png;healthy;train
005_598.png;healthy;train
043_002.png;hive being robbed;train
038_300.png;Varroa, Small Hive Beetles;train
038_275.png;Varroa, Small Hive Beetles;train
010_395.png;healthy;train
040_349.png;Varroa, Small Hive Beetles;train
030_614.png;ant problems;train
040_510.png;Varroa, Small Hive Beetles;train
001_127.png;healthy;train
038_392.png;Varroa, Small Hive Beetles;train
030_577.png;ant problems;train
004_486.png;healthy;train
016_004.png;healthy;train
040_019.png;Varroa, Small Hive Beetles;train
046_179.png;healthy;train
001_140.png;healthy;train
005_448.png;healthy;train
032_905.png;healthy;train
040_326.png;Varroa, Small Hive Beetles;train
030_857.png;ant problems;train
032_593.png;healthy;train
035_049.png;Varroa, Small Hive Beetles;train
013_009.png;ant problems;train
040_570.png;Varroa, Small Hive Beetles;train
022_415.png;healthy;train
005_353.png;healthy;train
015_1042.png;healthy;train
046_178.png;healthy;train
032_103.png;healthy;train
015_1146.png;healthy;train
021_207.png;healthy;train
015_1235.png;healthy;train
037_001.png;hive being robbed;train
040_165.png;Varroa, Small Hive Beetles;train
010_693.png;healthy;train
030_856.png;ant problems;train
002_051.png;healthy;train
004_371.png;healthy;train
038_257.png;Varroa, Small Hive Beetles;train
010_257.png;healthy;train
032_649.png;healthy;train
037_006.png;hive being robbed;train
015_822.png;healthy;train
004_425.png;healthy;train
031_121.png;Varroa, Small Hive Beetles;train
021_223.png;healthy;train
010_829.png;healthy;train
010_762.png;healthy;train
005_315.png;healthy;train
046_166.png;healthy;train
037_015.png;hive being robbed;train
008_199.png;healthy;train
030_474.png;ant problems;train
038_445.png;Varroa, Small Hive Beetles;train
038_049.png;Varroa, Small Hive Beetles;train
032_621.png;healthy;train
003_245.png;healthy;train
030_589.png;ant problems;train
001_168.png;healthy;train
008_130.png;healthy;train
030_520.png;ant problems;train
038_440.png;Varroa, Small Hive Beetles;train
015_670.png;healthy;train
032_747.png;healthy;train
030_861.png;ant problems;train
030_790.png;ant problems;train
015_964.png;healthy;train
017_121.png;healthy;train
013_018.png;ant problems;train
008_280.png;healthy;train
040_519.png;Varroa, Small Hive Beetles;train
017_068.png;healthy;train
015_629.png;healthy;train
016_174.png;healthy;train
004_362.png;healthy;train
019_1347.png;healthy;train
032_348.png;healthy;train
015_1240.png;healthy;train
022_163.png;healthy;train
019_696.png;healthy;train
040_179.png;Varroa, Small Hive Beetles;train
030_737.png;ant problems;train
005_377.png;healthy;train
032_831.png;healthy;train
030_477.png;ant problems;train
030_329.png;ant problems;train
019_522.png;healthy;train
017_006.png;healthy;train
032_489.png;healthy;train
003_253.png;healthy;train
013_028.png;ant problems;train
040_482.png;Varroa, Small Hive Beetles;train
022_099.png;healthy;train
010_830.png;healthy;train
038_213.png;Varroa, Small Hive Beetles;train
016_199.png;healthy;train
010_744.png;healthy;train
040_536.png;Varroa, Small Hive Beetles;train
001_172.png;healthy;train
026_009.png;healthy;train
032_267.png;healthy;train
008_207.png;healthy;train
008_285.png;healthy;train
019_895.png;healthy;train
036_054.png;Varroa, Small Hive Beetles;train
030_818.png;ant problems;train
040_340.png;Varroa, Small Hive Beetles;train
005_431.png;healthy;train
046_098.png;healthy;train
046_037.png;healthy;train
015_854.png;healthy;train
030_600.png;ant problems;train
015_925.png;healthy;train
030_796.png;ant problems;train
038_037.png;Varroa, Small Hive Beetles;train
019_1061.png;healthy;train
005_600.png;healthy;train
004_164.png;healthy;train
032_921.png;healthy;train
008_150.png;healthy;train
005_569.png;healthy;train
038_262.png;Varroa, Small Hive Beetles;train
001_159.png;healthy;train
038_095.png;Varroa, Small Hive Beetles;train
004_117.png;healthy;train
032_879.png;healthy;train
017_128.png;healthy;train
046_139.png;healthy;train
005_620.png;healthy;train
010_626.png;healthy;train
019_847.png;healthy;train
032_715.png;healthy;train
010_737.png;healthy;train
032_877.png;healthy;train
046_042.png;healthy;train
013_008.png;ant problems;train
010_323.png;healthy;train
019_776.png;healthy;train
010_776.png;healthy;train
032_813.png;healthy;train
032_908.png;healthy;train
004_431.png;healthy;train
040_397.png;Varroa, Small Hive Beetles;train
024_013.png;healthy;train
016_206.png;healthy;train
032_592.png;healthy;train
032_882.png;healthy;train
040_407.png;Varroa, Small Hive Beetles;train
021_075.png;healthy;train
004_311.png;healthy;train
012_012.png;healthy;train
030_201.png;ant problems;train
032_501.png;healthy;train
040_256.png;Varroa, Small Hive Beetles;train
035_043.png;Varroa, Small Hive Beetles;train
031_109.png;Varroa, Small Hive Beetles;train
019_1362.png;healthy;train
040_372.png;Varroa, Small Hive Beetles;train
003_183.png;healthy;train
046_009.png;healthy;train
038_005.png;Varroa, Small Hive Beetles;train
046_194.png;healthy;train
012_005.png;healthy;train
038_430.png;Varroa, Small Hive Beetles;train
038_402.png;Varroa, Small Hive Beetles;train
017_057.png;healthy;train
003_233.png;healthy;train
032_510.png;healthy;train
038_023.png;Varroa, Small Hive Beetles;train
015_993.png;healthy;train
030_773.png;ant problems;train
030_458.png;ant problems;train
017_016.png;healthy;train
015_984.png;healthy;train
003_182.png;healthy;train
042_011.png;hive being robbed;train
017_126.png;healthy;train
038_328.png;Varroa, Small Hive Beetles;train
005_557.png;healthy;train
032_538.png;healthy;train
030_429.png;ant problems;train
019_992.png;healthy;train
038_405.png;Varroa, Small Hive Beetles;train
046_119.png;healthy;train
030_174.png;ant problems;train
021_107.png;healthy;train
002_104.png;healthy;train
043_031.png;hive being robbed;train
040_005.png;Varroa, Small Hive Beetles;train
015_416.png;healthy;train
016_138.png;healthy;train
038_145.png;Varroa, Small Hive Beetles;train
002_112.png;healthy;train
040_076.png;Varroa, Small Hive Beetles;train
038_147.png;Varroa, Small Hive Beetles;train
030_693.png;ant problems;train
003_244.png;healthy;train
001_163.png;healthy;train
032_402.png;healthy;train
027_011.png;healthy;train
043_037.png;hive being robbed;train
010_706.png;healthy;train
020_031.png;healthy;train
032_563.png;healthy;train
032_807.png;healthy;train
032_767.png;healthy;train
030_709.png;ant problems;train
038_425.png;Varroa, Small Hive Beetles;train
026_013.png;healthy;train
019_323.png;healthy;train
030_863.png;ant problems;train
010_540.png;healthy;train
010_583.png;healthy;train
032_613.png;healthy;train
015_1267.png;healthy;train
004_307.png;healthy;train
040_448.png;Varroa, Small Hive Beetles;train
008_218.png;healthy;train
038_289.png;Varroa, Small Hive Beetles;train
002_044.png;healthy;train
017_046.png;healthy;train
017_002.png;healthy;train
030_575.png;ant problems;train
004_076.png;healthy;train
022_216.png;healthy;train
026_012.png;healthy;train
035_018.png;Varroa, Small Hive Beetles;train
040_129.png;Varroa, Small Hive Beetles;train
003_146.png;healthy;train
031_049.png;Varroa, Small Hive Beetles;train
008_220.png;healthy;train
040_191.png;Varroa, Small Hive Beetles;train
015_538.png;healthy;train
032_689.png;healthy;train
017_020.png;healthy;train
046_136.png;healthy;train
038_369.png;Varroa, Small Hive Beetles;train
030_370.png;ant problems;train
042_000.png;hive being robbed;train
022_422.png;healthy;train
032_275.png;healthy;train
030_848.png;ant problems;train
023_006.png;healthy;train
015_1271.png;healthy;train
004_264.png;healthy;train
040_571.png;Varroa, Small Hive Beetles;train
040_541.png;Varroa, Small Hive Beetles;train
021_166.png;healthy;train
019_757.png;healthy;train
040_491.png;Varroa, Small Hive Beetles;train
003_249.png;healthy;train
038_438.png;Varroa, Small Hive Beetles;train
004_128.png;healthy;train
015_999.png;healthy;train
015_1193.png;healthy;train
030_311.png;ant problems;train
032_273.png;healthy;train
035_030.png;Varroa, Small Hive Beetles;train
017_108.png;healthy;train
005_301.png;healthy;train
008_133.png;healthy;train
040_298.png;Varroa, Small Hive Beetles;train
038_242.png;Varroa, Small Hive Beetles;train
015_1102.png;healthy;train
033_084.png;healthy;train
018_032.png;healthy;train
032_833.png;healthy;train
004_378.png;healthy;train
005_568.png;healthy;train
033_074.png;healthy;train
021_229.png;healthy;train
015_1156.png;healthy;train
032_806.png;healthy;train
043_013.png;hive being robbed;train
005_509.png;healthy;train
003_145.png;healthy;train
022_138.png;healthy;train
032_805.png;healthy;train
015_1237.png;healthy;train
030_732.png;ant problems;train
010_234.png;healthy;train
015_983.png;healthy;train
005_629.png;healthy;train
022_305.png;healthy;train
038_297.png;Varroa, Small Hive Beetles;train
015_458.png;healthy;train
013_034.png;ant problems;train
030_211.png;ant problems;train
003_143.png;healthy;train
038_081.png;Varroa, Small Hive Beetles;train
010_669.png;healthy;train
021_232.png;healthy;train
015_1082.png;healthy;train
028_017.png;healthy;train
015_1269.png;healthy;train
038_377.png;Varroa, Small Hive Beetles;train
004_342.png;healthy;train
040_270.png;Varroa, Small Hive Beetles;train
030_374.png;ant problems;train
032_843.png;healthy;train
040_497.png;Varroa, Small Hive Beetles;train
003_178.png;healthy;train
032_407.png;healthy;train
005_528.png;healthy;train
038_307.png;Varroa, Small Hive Beetles;train
019_450.png;healthy;train
003_155.png;healthy;train
030_548.png;ant problems;train
015_288.png;healthy;train
004_426.png;healthy;train
040_236.png;Varroa, Small Hive Beetles;train
030_657.png;ant problems;train
032_779.png;healthy;train
003_181.png;healthy;train
010_630.png;healthy;train
019_1105.png;healthy;train
030_472.png;ant problems;train
040_069.png;Varroa, Small Hive Beetles;train
040_257.png;Varroa, Small Hive Beetles;train
032_920.png;healthy;train
018_022.png;healthy;train
038_042.png;Varroa, Small Hive Beetles;train
040_055.png;Varroa, Small Hive Beetles;train
015_1125.png;healthy;train
005_376.png;healthy;train
030_521.png;ant problems;train
042_012.png;hive being robbed;train
041_041.png;hive being robbed;train
031_014.png;Varroa, Small Hive Beetles;train
030_605.png;ant problems;train
015_945.png;healthy;train
040_479.png;Varroa, Small Hive Beetles;train
041_026.png;hive being robbed;train
008_214.png;healthy;train
003_222.png;healthy;train
046_144.png;healthy;train
015_1273.png;healthy;train
031_123.png;Varroa, Small Hive Beetles;train
043_073.png;hive being robbed;train
017_086.png;healthy;train
003_273.png;healthy;train
019_983.png;healthy;train
030_840.png;ant problems;train
015_1108.png;healthy;train
029_022.png;healthy;train
046_055.png;healthy;train
004_160.png;healthy;train
003_261.png;healthy;train
040_003.png;Varroa, Small Hive Beetles;train
016_173.png;healthy;train
040_223.png;Varroa, Small Hive Beetles;train
015_502.png;healthy;train
015_840.png;healthy;train
032_869.png;healthy;train
015_466.png;healthy;train
004_161.png;healthy;train
017_115.png;healthy;train
019_689.png;healthy;train
037_013.png;hive being robbed;train
043_030.png;hive being robbed;train
009_081.png;healthy;train
030_512.png;ant problems;train
043_026.png;hive being robbed;train
022_203.png;healthy;train
010_792.png;healthy;train
032_630.png;healthy;train
010_496.png;healthy;train
015_1004.png;healthy;train
015_1149.png;healthy;train
022_298.png;healthy;train
032_717.png;healthy;train
010_855.png;healthy;train
040_422.png;Varroa, Small Hive Beetles;train
019_660.png;healthy;train
008_265.png;healthy;train
042_026.png;hive being robbed;train
041_007.png;hive being robbed;train
036_094.png;Varroa, Small Hive Beetles;train
004_413.png;healthy;train
020_033.png;healthy;train
040_386.png;Varroa, Small Hive Beetles;train
004_212.png;healthy;train
022_202.png;healthy;train
046_069.png;healthy;train
027_013.png;healthy;train
039_007.png;hive being robbed;train
017_111.png;healthy;train
038_310.png;Varroa, Small Hive Beetles;train
004_259.png;healthy;train
019_256.png;healthy;train
038_159.png;Varroa, Small Hive Beetles;train
036_100.png;Varroa, Small Hive Beetles;train
017_003.png;healthy;train
004_129.png;healthy;train
017_051.png;healthy;train
022_405.png;healthy;train
017_117.png;healthy;train
016_250.png;healthy;train
032_909.png;healthy;train
040_440.png;Varroa, Small Hive Beetles;train
022_272.png;healthy;train
040_360.png;Varroa, Small Hive Beetles;train
040_361.png;Varroa, Small Hive Beetles;train
038_018.png;Varroa, Small Hive Beetles;train
043_001.png;hive being robbed;train
046_106.png;healthy;train
030_839.png;ant problems;train
016_258.png;healthy;train
016_207.png;healthy;train
046_134.png;healthy;train
015_1232.png;healthy;train
032_360.png;healthy;train
038_226.png;Varroa, Small Hive Beetles;train
038_107.png;Varroa, Small Hive Beetles;train
016_252.png;healthy;train
021_165.png;healthy;train
032_860.png;healthy;train
041_012.png;hive being robbed;train
001_083.png;healthy;train
039_028.png;hive being robbed;train
038_152.png;Varroa, Small Hive Beetles;train
032_627.png;healthy;train
037_012.png;hive being robbed;train
038_413.png;Varroa, Small Hive Beetles;train
004_360.png;healthy;train
001_082.png;healthy;train
046_050.png;healthy;train
010_623.png;healthy;train
030_494.png;ant problems;train
038_116.png;Varroa, Small Hive Beetles;train
041_061.png;hive being robbed;train
015_1227.png;healthy;train
004_479.png;healthy;train
005_071.png;healthy;train
030_601.png;ant problems;train
003_120.png;healthy;train
032_746.png;healthy;train
008_286.png;healthy;train
040_428.png;Varroa, Small Hive Beetles;train
010_850.png;healthy;train
019_977.png;healthy;train
015_274.png;healthy;train
004_401.png;healthy;train
031_113.png;Varroa, Small Hive Beetles;train
032_475.png;healthy;train
015_1172.png;healthy;train
038_322.png;Varroa, Small Hive Beetles;train
010_793.png;healthy;train
015_602.png;healthy;train
008_212.png;healthy;train
030_822.png;ant problems;train
009_068.png;healthy;train
038_217.png;Varroa, Small Hive Beetles;train
005_350.png;healthy;train
010_756.png;healthy;train
022_238.png;healthy;train
023_004.png;healthy;train
034_039.png;missing queen;train
015_839.png;healthy;train
022_431.png;healthy;train
040_452.png;Varroa, Small Hive Beetles;train
001_120.png;healthy;train
040_518.png;Varroa, Small Hive Beetles;train
010_814.png;healthy;train
038_156.png;Varroa, Small Hive Beetles;train
032_266.png;healthy;train
004_351.png;healthy;train
030_724.png;ant problems;train
032_841.png;healthy;train
019_1189.png;healthy;train
041_008.png;hive being robbed;train
040_559.png;Varroa, Small Hive Beetles;train
038_040.png;Varroa, Small Hive Beetles;train
005_410.png;healthy;train
021_239.png;healthy;train
032_590.png;healthy;train
030_704.png;ant problems;train
003_258.png;healthy;train
032_571.png;healthy;train
019_1003.png;healthy;train
040_048.png;Varroa, Small Hive Beetles;train
005_590.png;healthy;train
032_625.png;healthy;train
032_377.png;healthy;train
040_189.png;Varroa, Small Hive Beetles;train
040_289.png;Varroa, Small Hive Beetles;train
040_119.png;Varroa, Small Hive Beetles;train
015_826.png;healthy;train
032_857.png;healthy;train
010_743.png;healthy;train
008_251.png;healthy;train
040_511.png;Varroa, Small Hive Beetles;train
038_441.png;Varroa, Small Hive Beetles;train
045_015.png;hive being robbed;train
046_161.png;healthy;train
030_690.png;ant problems;train
019_1107.png;healthy;train
039_016.png;hive being robbed;train
010_545.png;healthy;train
038_317.png;Varroa, Small Hive Beetles;train
015_1092.png;healthy;train
015_728.png;healthy;train
040_432.png;Varroa, Small Hive Beetles;train
022_366.png;healthy;train
010_334.png;healthy;train
016_303.png;healthy;train
029_013.png;healthy;train
046_183.png;healthy;train
046_162.png;healthy;train
019_1110.png;healthy;train
019_1064.png;healthy;train
008_234.png;healthy;train
038_241.png;Varroa, Small Hive Beetles;train
019_725.png;healthy;train
030_506.png;ant problems;train
017_093.png;healthy;train
032_406.png;healthy;train
019_986.png;healthy;train
043_016.png;hive being robbed;train
046_159.png;healthy;train
003_237.png;healthy;train
040_513.png;Varroa, Small Hive Beetles;train
009_111.png;healthy;train
019_918.png;healthy;train
008_276.png;healthy;train
010_433.png;healthy;train
005_561.png;healthy;train
019_845.png;healthy;train
015_507.png;healthy;train
030_870.png;ant problems;train
038_091.png;Varroa, Small Hive Beetles;train
030_646.png;ant problems;train
005_416.png;healthy;train
015_703.png;healthy;train
040_302.png;Varroa, Small Hive Beetles;train
015_113.png;healthy;train
017_079.png;healthy;train
037_010.png;hive being robbed;train
004_275.png;healthy;train
015_465.png;healthy;train
015_918.png;healthy;train
032_675.png;healthy;train
004_317.png;healthy;train
040_219.png;Varroa, Small Hive Beetles;train
038_421.png;Varroa, Small Hive Beetles;train
004_217.png;healthy;train
038_168.png;Varroa, Small Hive Beetles;train
043_011.png;hive being robbed;train
032_635.png;healthy;train
040_074.png;Varroa, Small Hive Beetles;train
032_795.png;healthy;train
019_911.png;healthy;train
022_393.png;healthy;train
019_1370.png;healthy;train
010_853.png;healthy;train
019_1338.png;healthy;train
045_000.png;hive being robbed;train
004_110.png;healthy;train
015_940.png;healthy;train
005_265.png;healthy;train
022_060.png;healthy;train
004_115.png;healthy;train
038_347.png;Varroa, Small Hive Beetles;train
004_073.png;healthy;train
004_416.png;healthy;train
019_1251.png;healthy;train
004_368.png;healthy;train
030_814.png;ant problems;train
015_1181.png;healthy;train
018_030.png;healthy;train
032_794.png;healthy;train
040_222.png;Varroa, Small Hive Beetles;train
032_941.png;healthy;train
040_206.png;Varroa, Small Hive Beetles;train
004_238.png;healthy;train
038_137.png;Varroa, Small Hive Beetles;train
038_343.png;Varroa, Small Hive Beetles;train
010_637.png;healthy;train
038_364.png;Varroa, Small Hive Beetles;train
032_403.png;healthy;train
018_039.png;healthy;train
010_536.png;healthy;train
010_384.png;healthy;train
030_358.png;ant problems;train
030_574.png;ant problems;train
032_659.png;healthy;train
038_025.png;Varroa, Small Hive Beetles;train
040_258.png;Varroa, Small Hive Beetles;train
022_312.png;healthy;train
008_240.png;healthy;train
008_147.png;healthy;train
019_584.png;healthy;train
046_158.png;healthy;train
005_539.png;healthy;train
001_132.png;healthy;train
043_014.png;hive being robbed;train
008_246.png;healthy;train
017_017.png;healthy;train
032_504.png;healthy;train
019_1376.png;healthy;train
015_881.png;healthy;train
008_279.png;healthy;train
030_740.png;ant problems;train
008_297.png;healthy;train
004_409.png;healthy;train
040_163.png;Varroa, Small Hive Beetles;train
015_783.png;healthy;train
018_036.png;healthy;train
019_968.png;healthy;train
008_213.png;healthy;train
004_402.png;healthy;train
038_468.png;Varroa, Small Hive Beetles;train
030_882.png;ant problems;train
024_022.png;healthy;train
005_393.png;healthy;train
015_1095.png;healthy;train
038_354.png;Varroa, Small Hive Beetles;train
040_036.png;Varroa, Small Hive Beetles;train
032_606.png;healthy;train
019_430.png;healthy;train
014_002.png;healthy;train
030_216.png;ant problems;train
038_466.png;Varroa, Small Hive Beetles;train
010_752.png;healthy;train
035_021.png;Varroa, Small Hive Beetles;train
019_1354.png;healthy;train
004_399.png;healthy;train
040_442.png;Varroa, Small Hive Beetles;train
010_741.png;healthy;train
030_488.png;ant problems;train
032_863.png;healthy;train
030_365.png;ant problems;train
010_596.png;healthy;train
015_893.png;healthy;train
015_273.png;healthy;train
019_1369.png;healthy;train
038_002.png;Varroa, Small Hive Beetles;train
004_211.png;healthy;train
004_482.png;healthy;train
019_891.png;healthy;train
022_397.png;healthy;train
038_196.png;Varroa, Small Hive Beetles;train
008_266.png;healthy;train
046_116.png;healthy;train
038_458.png;Varroa, Small Hive Beetles;train
030_710.png;ant problems;train
016_114.png;healthy;train
030_639.png;ant problems;train
015_986.png;healthy;train
030_831.png;ant problems;train
032_935.png;healthy;train
003_223.png;healthy;train
040_102.png;Varroa, Small Hive Beetles;train
010_651.png;healthy;train
004_484.png;healthy;train
010_256.png;healthy;train
019_1056.png;healthy;train
038_130.png;Varroa, Small Hive Beetles;train
034_033.png;missing queen;train
030_780.png;ant problems;train
040_449.png;Varroa, Small Hive Beetles;train
005_329.png;healthy;train
016_241.png;healthy;train
005_627.png;healthy;train
031_015.png;Varroa, Small Hive Beetles;train
030_883.png;ant problems;train
019_1237.png;healthy;train
005_070.png;healthy;train
040_035.png;Varroa, Small Hive Beetles;train
040_426.png;Varroa, Small Hive Beetles;train
030_203.png;ant problems;train
002_072.png;healthy;train
023_014.png;healthy;train
032_884.png;healthy;train
033_070.png;healthy;train
010_452.png;healthy;train
046_123.png;healthy;train
015_1247.png;healthy;train
030_604.png;ant problems;train
009_101.png;healthy;train
030_764.png;ant problems;train
001_160.png;healthy;train
015_606.png;healthy;train
030_808.png;ant problems;train
008_119.png;healthy;train
008_136.png;healthy;train
040_412.png;Varroa, Small Hive Beetles;train
032_298.png;healthy;train
030_722.png;ant problems;train
005_508.png;healthy;train
004_391.png;healthy;train
046_094.png;healthy;train
038_092.png;Varroa, Small Hive Beetles;train
038_271.png;Varroa, Small Hive Beetles;train
030_875.png;ant problems;train
039_022.png;hive being robbed;train
032_862.png;healthy;train
030_460.png;ant problems;train
032_619.png;healthy;train
038_235.png;Varroa, Small Hive Beetles;train
030_522.png;ant problems;train
022_162.png;healthy;train
015_576.png;healthy;train
010_687.png;healthy;train
046_062.png;healthy;train
008_221.png;healthy;train
010_825.png;healthy;train
043_067.png;hive being robbed;train
008_090.png;healthy;train
003_272.png;healthy;train
032_792.png;healthy;train
005_423.png;healthy;train
016_263.png;healthy;train
038_112.png;Varroa, Small Hive Beetles;train
030_838.png;ant problems;train
031_132.png;Varroa, Small Hive Beetles;train
026_007.png;healthy;train
030_504.png;ant problems;train
017_042.png;healthy;train
005_298.png;healthy;train
010_679.png;healthy;train
041_033.png;hive being robbed;train
004_439.png;healthy;train
030_775.png;ant problems;train
046_040.png;healthy;train
038_139.png;Varroa, Small Hive Beetles;train
010_804.png;healthy;train
015_749.png;healthy;train
040_508.png;Varroa, Small Hive Beetles;train
015_789.png;healthy;train
016_246.png;healthy;train
032_787.png;healthy;train
001_051.png;healthy;train
010_280.png;healthy;train
031_059.png;Varroa, Small Hive Beetles;train
028_025.png;healthy;train
016_011.png;healthy;train
031_098.png;Varroa, Small Hive Beetles;train
043_044.png;hive being robbed;train
039_019.png;hive being robbed;train
015_1263.png;healthy;train
032_749.png;healthy;train
005_617.png;healthy;train
015_528.png;healthy;train
004_453.png;healthy;train
019_828.png;healthy;train
039_009.png;hive being robbed;train
010_579.png;healthy;train
040_543.png;Varroa, Small Hive Beetles;train
032_693.png;healthy;train
038_415.png;Varroa, Small Hive Beetles;train
022_371.png;healthy;train
021_128.png;healthy;train
038_237.png;Varroa, Small Hive Beetles;train
010_283.png;healthy;train
030_517.png;ant problems;train
032_574.png;healthy;train
032_848.png;healthy;train
040_503.png;Varroa, Small Hive Beetles;train
010_812.png;healthy;train
022_261.png;healthy;train
031_071.png;Varroa, Small Hive Beetles;train
030_738.png;ant problems;train
002_092.png;healthy;train
019_988.png;healthy;train
038_348.png;Varroa, Small Hive Beetles;train
032_904.png;healthy;train
010_282.png;healthy;train
005_317.png;healthy;train
005_367.png;healthy;train
007_105.png;healthy;train
038_434.png;Varroa, Small Hive Beetles;train
008_277.png;healthy;train
016_228.png;healthy;train
032_893.png;healthy;train
032_515.png;healthy;train
008_044.png;healthy;train
035_051.png;Varroa, Small Hive Beetles;train
038_333.png;Varroa, Small Hive Beetles;train
032_785.png;healthy;train
010_636.png;healthy;train
010_321.png;healthy;train
038_244.png;Varroa, Small Hive Beetles;train
021_120.png;healthy;train
022_404.png;healthy;train
022_213.png;healthy;train
015_338.png;healthy;train
011_018.png;healthy;train
010_390.png;healthy;train
010_841.png;healthy;train
005_404.png;healthy;train
005_065.png;healthy;train
022_353.png;healthy;train
030_598.png;ant problems;train
004_437.png;healthy;train
010_769.png;healthy;train
038_361.png;Varroa, Small Hive Beetles;train
038_299.png;Varroa, Small Hive Beetles;train
022_065.png;healthy;train
010_657.png;healthy;train
008_230.png;healthy;train
040_490.png;Varroa, Small Hive Beetles;train
015_064.png;healthy;train
005_102.png;healthy;train
010_523.png;healthy;train
030_716.png;ant problems;train
017_114.png;healthy;train
043_024.png;hive being robbed;train
041_043.png;hive being robbed;train
040_155.png;Varroa, Small Hive Beetles;train
038_150.png;Varroa, Small Hive Beetles;train
005_576.png;healthy;train
008_281.png;healthy;train
016_271.png;healthy;train
035_034.png;Varroa, Small Hive Beetles;train
019_888.png;healthy;train
046_176.png;healthy;train
041_045.png;hive being robbed;train
032_878.png;healthy;train
031_039.png;Varroa, Small Hive Beetles;train
016_171.png;healthy;train
004_348.png;healthy;train
016_292.png;healthy;train
010_832.png;healthy;train
032_550.png;healthy;train
021_237.png;healthy;train
030_349.png;ant problems;train
021_177.png;healthy;train
017_043.png;healthy;train
004_355.png;healthy;train
021_189.png;healthy;train
038_211.png;Varroa, Small Hive Beetles;train
022_352.png;healthy;train
031_120.png;Varroa, Small Hive Beetles;train
030_853.png;ant problems;train
032_810.png;healthy;train
010_594.png;healthy;train
038_372.png;Varroa, Small Hive Beetles;train
033_039.png;healthy;train
004_418.png;healthy;train
037_002.png;hive being robbed;train
019_1331.png;healthy;train
016_264.png;healthy;train
032_770.png;healthy;train
022_384.png;healthy;train
032_808.png;healthy;train
005_112.png;healthy;train
004_421.png;healthy;train
046_192.png;healthy;train
037_009.png;hive being robbed;train
030_652.png;ant problems;train
022_400.png;healthy;train
038_106.png;Varroa, Small Hive Beetles;train
038_335.png;Varroa, Small Hive Beetles;train
040_445.png;Varroa, Small Hive Beetles;train
005_275.png;healthy;train
015_314.png;healthy;train
030_807.png;ant problems;train
022_348.png;healthy;train
015_885.png;healthy;train
008_169.png;healthy;train
015_498.png;healthy;train
008_294.png;healthy;train
045_012.png;hive being robbed;train
022_211.png;healthy;train
010_430.png;healthy;train
040_313.png;Varroa, Small Hive Beetles;train
030_860.png;ant problems;train
015_923.png;healthy;train
016_204.png;healthy;train
015_539.png;healthy;train
005_626.png;healthy;train
038_254.png;Varroa, Small Hive Beetles;train
030_526.png;ant problems;train
005_260.png;healthy;train
032_449.png;healthy;train
010_610.png;healthy;train
017_055.png;healthy;train
035_058.png;Varroa, Small Hive Beetles;train
005_551.png;healthy;train
046_133.png;healthy;train
024_024.png;healthy;train
046_091.png;healthy;train
032_302.png;healthy;train
004_350.png;healthy;train
032_439.png;healthy;train
010_123.png;healthy;train
032_714.png;healthy;train
015_963.png;healthy;train
036_091.png;Varroa, Small Hive Beetles;train
042_013.png;hive being robbed;train
003_240.png;healthy;train
010_252.png;healthy;train
032_829.png;healthy;train
031_130.png;Varroa, Small Hive Beetles;train
038_231.png;Varroa, Small Hive Beetles;train
017_001.png;healthy;train
032_299.png;healthy;train
005_572.png;healthy;train
040_357.png;Varroa, Small Hive Beetles;train
015_688.png;healthy;train
032_809.png;healthy;train
046_120.png;healthy;train
015_559.png;healthy;train
015_781.png;healthy;train
040_441.png;Varroa, Small Hive Beetles;train
008_144.png;healthy;train
038_291.png;Varroa, Small Hive Beetles;train
022_273.png;healthy;train
020_034.png;healthy;train
015_1130.png;healthy;train
005_261.png;healthy;train
009_106.png;healthy;train
010_613.png;healthy;train
046_046.png;healthy;train
038_276.png;Varroa, Small Hive Beetles;train
005_110.png;healthy;train
016_275.png;healthy;train
003_095.png;healthy;train
010_468.png;healthy;train
040_152.png;Varroa, Small Hive Beetles;train
020_035.png;healthy;train
038_270.png;Varroa, Small Hive Beetles;train
015_1097.png;healthy;train
032_553.png;healthy;train
019_1328.png;healthy;train
032_781.png;healthy;train
035_032.png;Varroa, Small Hive Beetles;train
019_652.png;healthy;train
040_294.png;Varroa, Small Hive Beetles;train
017_011.png;healthy;train
019_419.png;healthy;train
004_162.png;healthy;train
007_160.png;healthy;train
032_586.png;healthy;train
046_103.png;healthy;train
038_167.png;Varroa, Small Hive Beetles;train
046_028.png;healthy;train
015_1056.png;healthy;train
010_253.png;healthy;train
040_291.png;Varroa, Small Hive Beetles;train
010_550.png;healthy;train
030_158.png;ant problems;train
010_082.png;healthy;train
038_460.png;Varroa, Small Hive Beetles;train
033_075.png;healthy;train
038_340.png;Varroa, Small Hive Beetles;train
038_102.png;Varroa, Small Hive Beetles;train
019_625.png;healthy;train
040_234.png;Varroa, Small Hive Beetles;train
015_329.png;healthy;train
008_142.png;healthy;train
032_896.png;healthy;train
042_023.png;hive being robbed;train
040_209.png;Varroa, Small Hive Beetles;train
019_621.png;healthy;train
003_196.png;healthy;train
030_366.png;ant problems;train
005_605.png;healthy;train
010_420.png;healthy;train
010_483.png;healthy;train
040_366.png;Varroa, Small Hive Beetles;train
005_362.png;healthy;train
040_150.png;Varroa, Small Hive Beetles;train
030_728.png;ant problems;train
038_057.png;Varroa, Small Hive Beetles;train
005_575.png;healthy;train
004_472.png;healthy;train
004_207.png;healthy;train
038_404.png;Varroa, Small Hive Beetles;train
015_810.png;healthy;train
040_461.png;Varroa, Small Hive Beetles;train
046_152.png;healthy;train
046_171.png;healthy;train
030_523.png;ant problems;train
038_140.png;Varroa, Small Hive Beetles;train
030_503.png;ant problems;train
019_745.png;healthy;train
022_267.png;healthy;train
034_042.png;missing queen;train
046_089.png;healthy;train
035_059.png;Varroa, Small Hive Beetles;train
008_293.png;healthy;train
040_022.png;Varroa, Small Hive Beetles;train
030_204.png;ant problems;train
022_380.png;healthy;train
008_290.png;healthy;train
015_511.png;healthy;train
022_340.png;healthy;train
017_008.png;healthy;train
030_462.png;ant problems;train
040_094.png;Varroa, Small Hive Beetles;train
015_1210.png;healthy;train
019_661.png;healthy;train
017_091.png;healthy;train
017_048.png;healthy;train
019_482.png;healthy;train
030_769.png;ant problems;train
015_892.png;healthy;train
030_835.png;ant problems;train
017_061.png;healthy;train
015_1236.png;healthy;train
040_433.png;Varroa, Small Hive Beetles;train
010_806.png;healthy;train
032_614.png;healthy;train
030_416.png;ant problems;train
030_703.png;ant problems;train
015_1168.png;healthy;train
032_577.png;healthy;train
022_417.png;healthy;train
032_304.png;healthy;train
005_615.png;healthy;train
010_397.png;healthy;train
034_020.png;missing queen;train
015_701.png;healthy;train
040_483.png;Varroa, Small Hive Beetles;train
030_511.png;ant problems;train
015_777.png;healthy;train
015_111.png;healthy;train
032_604.png;healthy;train
019_1014.png;healthy;train
003_152.png;healthy;train
005_263.png;healthy;train
002_046.png;healthy;train
015_1086.png;healthy;train
019_734.png;healthy;train
030_666.png;ant problems;train
017_088.png;healthy;train
015_500.png;healthy;train
038_051.png;Varroa, Small Hive Beetles;train
039_017.png;hive being robbed;train
040_464.png;Varroa, Small Hive Beetles;train
038_222.png;Varroa, Small Hive Beetles;train
038_424.png;Varroa, Small Hive Beetles;train
031_134.png;Varroa, Small Hive Beetles;train
004_415.png;healthy;train
021_176.png;healthy;train
030_749.png;ant problems;train
046_164.png;healthy;train
040_328.png;Varroa, Small Hive Beetles;train
030_310.png;ant problems;train
037_016.png;hive being robbed;train
008_122.png;healthy;train
021_228.png;healthy;train
005_389.png;healthy;train
005_559.png;healthy;train
021_170.png;healthy;train
030_765.png;ant problems;train
021_017.png;healthy;train
015_312.png;healthy;train
040_404.png;Varroa, Small Hive Beetles;train
040_293.png;Varroa, Small Hive Beetles;train
002_023.png;healthy;train
003_036.png;healthy;train
005_387.png;healthy;train
008_256.png;healthy;train
041_030.png;hive being robbed;train
038_370.png;Varroa, Small Hive Beetles;train
038_088.png;Varroa, Small Hive Beetles;train
046_087.png;healthy;train
005_375.png;healthy;train
040_306.png;Varroa, Small Hive Beetles;train
030_376.png;ant problems;train
046_057.png;healthy;train
030_508.png;ant problems;train
040_339.png;Varroa, Small Hive Beetles;train
045_005.png;hive being robbed;train
035_061.png;Varroa, Small Hive Beetles;train
038_058.png;Varroa, Small Hive Beetles;train
032_329.png;healthy;train
008_215.png;healthy;train
036_087.png;Varroa, Small Hive Beetles;train
005_213.png;healthy;train
029_023.png;healthy;train
030_561.png;ant problems;train
030_576.png;ant problems;train
015_909.png;healthy;train
017_120.png;healthy;train
019_1339.png;healthy;train
040_286.png;Varroa, Small Hive Beetles;train
010_616.png;healthy;train
015_1023.png;healthy;train
038_325.png;Varroa, Small Hive Beetles;train
015_927.png;healthy;train
030_763.png;ant problems;train
015_1261.png;healthy;train
022_276.png;healthy;train
010_542.png;healthy;train
015_476.png;healthy;train
005_463.png;healthy;train
040_199.png;Varroa, Small Hive Beetles;train
039_004.png;hive being robbed;train
010_635.png;healthy;train
040_093.png;Varroa, Small Hive Beetles;train
041_024.png;hive being robbed;train
038_083.png;Varroa, Small Hive Beetles;train
042_036.png;hive being robbed;train
038_076.png;Varroa, Small Hive Beetles;train
033_105.png;healthy;train
010_819.png;healthy;train
040_205.png;Varroa, Small Hive Beetles;train
030_684.png;ant problems;train
005_548.png;healthy;train
042_037.png;hive being robbed;train
015_501.png;healthy;train
004_289.png;healthy;train
019_1117.png;healthy;train
015_1090.png;healthy;train
017_127.png;healthy;train
004_404.png;healthy;train
022_378.png;healthy;train
015_764.png;healthy;train
032_328.png;healthy;train
038_204.png;Varroa, Small Hive Beetles;train
002_110.png;healthy;train
015_1015.png;healthy;train
015_832.png;healthy;train
005_113.png;healthy;train
019_817.png;healthy;train
019_1190.png;healthy;train
030_328.png;ant problems;train
031_114.png;Varroa, Small Hive Beetles;train
007_114.png;healthy;train
008_267.png;healthy;train
040_568.png;Varroa, Small Hive Beetles;train
046_021.png;healthy;train
019_823.png;healthy;train
010_621.png;healthy;train
030_539.png;ant problems;train
015_1074.png;healthy;train
022_351.png;healthy;train
016_287.png;healthy;train
012_008.png;healthy;train
010_778.png;healthy;train
030_876.png;ant problems;train
010_640.png;healthy;train
030_730.png;ant problems;train
032_748.png;healthy;train
008_304.png;healthy;train
008_092.png;healthy;train
022_110.png;healthy;train
015_922.png;healthy;train
035_036.png;Varroa, Small Hive Beetles;train
040_188.png;Varroa, Small Hive Beetles;train
030_783.png;ant problems;train
008_284.png;healthy;train
038_274.png;Varroa, Small Hive Beetles;train
005_391.png;healthy;train
010_564.png;healthy;train
015_995.png;healthy;train
004_352.png;healthy;train
046_197.png;healthy;train
019_775.png;healthy;train
033_087.png;healthy;train
046_018.png;healthy;train
032_313.png;healthy;train
003_280.png;healthy;train
022_172.png;healthy;train
022_427.png;healthy;train
046_155.png;healthy;train
010_833.png;healthy;train
004_263.png;healthy;train
010_852.png;healthy;train
046_079.png;healthy;train
005_513.png;healthy;train
041_063.png;hive being robbed;train
022_299.png;healthy;train
037_011.png;hive being robbed;train
046_092.png;healthy;train
032_762.png;healthy;train
003_192.png;healthy;train
013_035.png;ant problems;train
031_099.png;Varroa, Small Hive Beetles;train
038_186.png;Varroa, Small Hive Beetles;train
015_138.png;healthy;train
040_002.png;Varroa, Small Hive Beetles;train
038_346.png;Varroa, Small Hive Beetles;train
015_1124.png;healthy;train
040_458.png;Varroa, Small Hive Beetles;train
019_713.png;healthy;train
038_264.png;Varroa, Small Hive Beetles;train
040_154.png;Varroa, Small Hive Beetles;train
030_736.png;ant problems;train
015_1100.png;healthy;train
030_877.png;ant problems;train
015_1230.png;healthy;train
017_104.png;healthy;train
017_092.png;healthy;train
011_030.png;healthy;train
019_1264.png;healthy;train
038_015.png;Varroa, Small Hive Beetles;train
008_291.png;healthy;train
022_200.png;healthy;train
046_150.png;healthy;train
038_206.png;Varroa, Small Hive Beetles;train
030_862.png;ant problems;train
043_041.png;hive being robbed;train
019_1135.png;healthy;train
021_212.png;healthy;train
004_461.png;healthy;train
032_931.png;healthy;train
010_800.png;healthy;train
005_212.png;healthy;train
040_208.png;Varroa, Small Hive Beetles;train
015_549.png;healthy;train
038_225.png;Varroa, Small Hive Beetles;train
013_039.png;ant problems;train
015_266.png;healthy;train
022_307.png;healthy;train
038_357.png;Varroa, Small Hive Beetles;train
038_384.png;Varroa, Small Hive Beetles;train
005_412.png;healthy;train
015_1228.png;healthy;train
030_389.png;ant problems;train
030_467.png;ant problems;train
019_1139.png;healthy;train
038_084.png;Varroa, Small Hive Beetles;train
004_298.png;healthy;train
022_385.png;healthy;train
017_097.png;healthy;train
015_1036.png;healthy;train
005_406.png;healthy;train
030_706.png;ant problems;train
005_458.png;healthy;train
038_448.png;Varroa, Small Hive Beetles;train
003_268.png;healthy;train
032_316.png;healthy;train
031_131.png;Varroa, Small Hive Beetles;train
030_200.png;ant problems;train
018_050.png;healthy;train
008_270.png;healthy;train
005_512.png;healthy;train
032_410.png;healthy;train
003_282.png;healthy;train
040_318.png;Varroa, Small Hive Beetles;train
011_020.png;healthy;train
037_022.png;hive being robbed;train
010_713.png;healthy;train
038_385.png;Varroa, Small Hive Beetles;train
030_864.png;ant problems;train
010_333.png;healthy;train
032_639.png;healthy;train
040_374.png;Varroa, Small Hive Beetles;train
003_134.png;healthy;train
015_506.png;healthy;train
032_548.png;healthy;train
030_834.png;ant problems;train
022_248.png;healthy;train
010_809.png;healthy;train
019_688.png;healthy;train
032_724.png;healthy;train
038_368.png;Varroa, Small Hive Beetles;train
015_305.png;healthy;train
015_572.png;healthy;train
004_370.png;healthy;train
022_401.png;healthy;train
043_068.png;hive being robbed;train
011_023.png;healthy;train
005_059.png;healthy;train
038_255.png;Varroa, Small Hive Beetles;train
015_705.png;healthy;train
004_347.png;healthy;train
040_218.png;Varroa, Small Hive Beetles;train
022_301.png;healthy;train
021_112.png;healthy;train
016_293.png;healthy;train
038_446.png;Varroa, Small Hive Beetles;train
032_317.png;healthy;train
040_066.png;Varroa, Small Hive Beetles;train
022_399.png;healthy;train
032_788.png;healthy;train
038_146.png;Varroa, Small Hive Beetles;train
019_732.png;healthy;train
008_145.png;healthy;train
004_077.png;healthy;train
008_257.png;healthy;train
032_507.png;healthy;train
021_077.png;healthy;train
010_309.png;healthy;train
046_127.png;healthy;train
032_701.png;healthy;train
005_249.png;healthy;train
010_781.png;healthy;train
010_521.png;healthy;train
038_100.png;Varroa, Small Hive Beetles;train
008_237.png;healthy;train
005_259.png;healthy;train
015_402.png;healthy;train
035_031.png;Varroa, Small Hive Beetles;train
043_048.png;hive being robbed;train
038_119.png;Varroa, Small Hive Beetles;train
004_396.png;healthy;train
019_766.png;healthy;train
010_327.png;healthy;train
005_418.png;healthy;train
040_327.png;Varroa, Small Hive Beetles;train
040_477.png;Varroa, Small Hive Beetles;train
012_009.png;healthy;train
019_1372.png;healthy;train
036_047.png;Varroa, Small Hive Beetles;train
030_175.png;ant problems;train
030_177.png;ant problems;train
005_587.png;healthy;train
043_005.png;hive being robbed;train
017_090.png;healthy;train
010_534.png;healthy;train
021_180.png;healthy;train
032_276.png;healthy;train
011_009.png;healthy;train
038_234.png;Varroa, Small Hive Beetles;train
015_1047.png;healthy;train
031_073.png;Varroa, Small Hive Beetles;train
008_095.png;healthy;train
015_600.png;healthy;train
010_480.png;healthy;train
030_735.png;ant problems;train
038_158.png;Varroa, Small Hive Beetles;train
040_525.png;Varroa, Small Hive Beetles;train
005_104.png;healthy;train
008_183.png;healthy;train
015_1270.png;healthy;train
033_076.png;healthy;train
016_280.png;healthy;train
002_099.png;healthy;train
008_211.png;healthy;train
010_557.png;healthy;train
021_114.png;healthy;train
018_051.png;healthy;train
003_195.png;healthy;train
039_027.png;hive being robbed;train
019_945.png;healthy;train
017_066.png;healthy;train
040_263.png;Varroa, Small Hive Beetles;train
015_1079.png;healthy;train
030_821.png;ant problems;train
005_338.png;healthy;train
015_1207.png;healthy;train
015_1089.png;healthy;train
017_107.png;healthy;train
038_331.png;Varroa, Small Hive Beetles;train
015_1169.png;healthy;train
030_404.png;ant problems;train
004_338.png;healthy;train
040_279.png;Varroa, Small Hive Beetles;train
005_588.png;healthy;train
032_705.png;healthy;train
016_233.png;healthy;train
019_1239.png;healthy;train
004_089.png;healthy;train
010_369.png;healthy;train
032_765.png;healthy;train
002_114.png;healthy;train
013_019.png;ant problems;train
038_144.png;Varroa, Small Hive Beetles;train
034_030.png;missing queen;train
001_044.png;healthy;train
043_050.png;hive being robbed;train
008_151.png;healthy;train
040_450.png;Varroa, Small Hive Beetles;train
004_088.png;healthy;train
010_571.png;healthy;train
010_332.png;healthy;train
038_043.png;Varroa, Small Hive Beetles;train
038_038.png;Varroa, Small Hive Beetles;train
030_359.png;ant problems;train
046_068.png;healthy;train
038_010.png;Varroa, Small Hive Beetles;train
009_103.png;healthy;train
041_018.png;hive being robbed;train
040_041.png;Varroa, Small Hive Beetles;train
016_172.png;healthy;train
032_799.png;healthy;train
010_696.png;healthy;train
022_189.png;healthy;train
030_413.png;ant problems;train
030_509.png;ant problems;train
005_064.png;healthy;train
019_1272.png;healthy;train
019_856.png;healthy;train
038_304.png;Varroa, Small Hive Beetles;train
022_271.png;healthy;train
003_221.png;healthy;train
010_096.png;healthy;train
010_524.png;healthy;train
015_851.png;healthy;train
015_979.png;healthy;train
016_257.png;healthy;train
005_608.png;healthy;train
041_066.png;hive being robbed;train
011_022.png;healthy;train
015_989.png;healthy;train
005_302.png;healthy;train
040_162.png;Varroa, Small Hive Beetles;train
018_047.png;healthy;train
015_1241.png;healthy;train
019_603.png;healthy;train
038_342.png;Varroa, Small Hive Beetles;train
019_1179.png;healthy;train
008_157.png;healthy;train
001_124.png;healthy;train
046_011.png;healthy;train
032_648.png;healthy;train
005_585.png;healthy;train
038_337.png;Varroa, Small Hive Beetles;train
030_761.png;ant problems;train
015_1189.png;healthy;train
015_505.png;healthy;train
017_095.png;healthy;train
019_1115.png;healthy;train
034_027.png;missing queen;train
005_435.png;healthy;train
030_406.png;ant problems;train
001_118.png;healthy;train
040_004.png;Varroa, Small Hive Beetles;train
019_1291.png;healthy;train
003_123.png;healthy;train
022_357.png;healthy;train
038_086.png;Varroa, Small Hive Beetles;train
008_082.png;healthy;train
040_394.png;Varroa, Small Hive Beetles;train
005_614.png;healthy;train
038_433.png;Varroa, Small Hive Beetles;train
032_687.png;healthy;train
039_014.png;hive being robbed;train
005_403.png;healthy;train
017_099.png;healthy;train
010_685.png;healthy;train
009_046.png;healthy;train
007_113.png;healthy;train
045_009.png;hive being robbed;train
040_195.png;Varroa, Small Hive Beetles;train
010_081.png;healthy;train
022_064.png;healthy;train
017_015.png;healthy;train
022_217.png;healthy;train
030_483.png;ant problems;train
040_468.png;Varroa, Small Hive Beetles;train
040_203.png;Varroa, Small Hive Beetles;train
038_359.png;Varroa, Small Hive Beetles;train
015_990.png;healthy;train
043_051.png;hive being robbed;train
019_1225.png;healthy;train
010_720.png;healthy;train
019_873.png;healthy;train
032_758.png;healthy;train
033_096.png;healthy;train
030_364.png;ant problems;train
030_794.png;ant problems;train
036_052.png;Varroa, Small Hive Beetles;train
033_100.png;healthy;train
015_475.png;healthy;train
019_1348.png;healthy;train
038_263.png;Varroa, Small Hive Beetles;train
004_174.png;healthy;train
022_260.png;healthy;train
015_1001.png;healthy;train
022_264.png;healthy;train
015_1234.png;healthy;train
043_074.png;hive being robbed;train
041_004.png;hive being robbed;train
040_487.png;Varroa, Small Hive Beetles;train
016_038.png;healthy;train
039_013.png;hive being robbed;train
015_689.png;healthy;train
017_041.png;healthy;train
038_126.png;Varroa, Small Hive Beetles;train
019_553.png;healthy;train
046_125.png;healthy;train
015_1101.png;healthy;train
020_011.png;healthy;train
019_1004.png;healthy;train
041_034.png;hive being robbed;train
036_042.png;Varroa, Small Hive Beetles;train
022_177.png;healthy;train
015_1264.png;healthy;train
004_354.png;healthy;train
043_052.png;hive being robbed;train
030_884.png;ant problems;train
038_169.png;Varroa, Small Hive Beetles;train
022_262.png;healthy;train
028_022.png;healthy;train
032_599.png;healthy;train
008_120.png;healthy;train
030_837.png;ant problems;train
040_489.png;Varroa, Small Hive Beetles;train
030_454.png;ant problems;train
038_249.png;Varroa, Small Hive Beetles;train
040_365.png;Varroa, Small Hive Beetles;train
009_110.png;healthy;train
022_409.png;healthy;train
004_163.png;healthy;train
032_850.png;healthy;train
034_022.png;missing queen;train
032_890.png;healthy;train
003_267.png;healthy;train
022_111.png;healthy;train
010_786.png;healthy;train
040_390.png;Varroa, Small Hive Beetles;train
046_109.png;healthy;train
046_130.png;healthy;train
015_1150.png;healthy;train
003_109.png;healthy;train
040_522.png;Varroa, Small Hive Beetles;train
038_471.png;Varroa, Small Hive Beetles;train
025_021.png;healthy;train
032_663.png;healthy;train
032_544.png;healthy;train
030_758.png;ant problems;train
019_1140.png;healthy;train
021_173.png;healthy;train
034_036.png;missing queen;train
032_305.png;healthy;train
015_838.png;healthy;train
005_207.png;healthy;train
005_066.png;healthy;train
022_188.png;healthy;train
032_745.png;healthy;train
025_015.png;healthy;train
040_530.png;Varroa, Small Hive Beetles;train
015_949.png;healthy;train
005_589.png;healthy;train
008_156.png;healthy;train
016_294.png;healthy;train
040_332.png;Varroa, Small Hive Beetles;train
043_015.png;hive being robbed;train
005_609.png;healthy;train
030_377.png;ant problems;train
013_025.png;ant problems;train
009_096.png;healthy;train
038_205.png;Varroa, Small Hive Beetles;train
005_420.png;healthy;train
005_496.png;healthy;train
030_804.png;ant problems;train
015_1003.png;healthy;train
030_688.png;ant problems;train
046_182.png;healthy;train
021_121.png;healthy;train
040_064.png;Varroa, Small Hive Beetles;train
028_024.png;healthy;train
034_040.png;missing queen;train
005_544.png;healthy;train
010_356.png;healthy;train
040_504.png;Varroa, Small Hive Beetles;train
030_664.png;ant problems;train
009_079.png;healthy;train
004_310.png;healthy;train
003_184.png;healthy;train
016_189.png;healthy;train
005_076.png;healthy;train
010_815.png;healthy;train
038_228.png;Varroa, Small Hive Beetles;train
030_270.png;ant problems;train
004_100.png;healthy;train
038_071.png;Varroa, Small Hive Beetles;train
031_070.png;Varroa, Small Hive Beetles;train
043_025.png;hive being robbed;train
033_063.png;healthy;train
038_267.png;Varroa, Small Hive Beetles;train
019_1103.png;healthy;train
015_919.png;healthy;train
041_035.png;hive being robbed;train
036_050.png;Varroa, Small Hive Beetles;train
002_037.png;healthy;train
030_734.png;ant problems;train
030_455.png;ant problems;train
004_299.png;healthy;train
038_175.png;Varroa, Small Hive Beetles;train
040_052.png;Varroa, Small Hive Beetles;train
032_928.png;healthy;train
008_239.png;healthy;train
003_259.png;healthy;train
036_043.png;Varroa, Small Hive Beetles;train
038_459.png;Varroa, Small Hive Beetles;train
040_034.png;Varroa, Small Hive Beetles;train
040_292.png;Varroa, Small Hive Beetles;train
038_432.png;Varroa, Small Hive Beetles;train
009_054.png;healthy;train
019_1295.png;healthy;train
015_289.png;healthy;train
022_344.png;healthy;train
040_083.png;Varroa, Small Hive Beetles;train
046_193.png;healthy;train
040_201.png;Varroa, Small Hive Beetles;train
005_601.png;healthy;train
008_108.png;healthy;train
010_692.png;healthy;train
040_134.png;Varroa, Small Hive Beetles;train
017_062.png;healthy;train
020_028.png;healthy;train
015_835.png;healthy;train
040_027.png;Varroa, Small Hive Beetles;train
010_686.png;healthy;train
010_775.png;healthy;train
040_113.png;Varroa, Small Hive Beetles;train
038_232.png;Varroa, Small Hive Beetles;train
019_824.png;healthy;train
042_027.png;hive being robbed;train
030_206.png;ant problems;train
038_469.png;Varroa, Small Hive Beetles;train
038_183.png;Varroa, Small Hive Beetles;train
027_014.png;healthy;train
010_842.png;healthy;train
016_270.png;healthy;train
005_204.png;healthy;train
038_154.png;Varroa, Small Hive Beetles;train
017_039.png;healthy;train
027_010.png;healthy;train
040_408.png;Varroa, Small Hive Beetles;train
046_185.png;healthy;train
005_313.png;healthy;train
010_816.png;healthy;train
038_182.png;Varroa, Small Hive Beetles;train
010_520.png;healthy;train
040_547.png;Varroa, Small Hive Beetles;train
030_708.png;ant problems;train
008_187.png;healthy;train
010_837.png;healthy;train
029_017.png;healthy;train
022_313.png;healthy;train
035_042.png;Varroa, Small Hive Beetles;train
030_824.png;ant problems;train
010_136.png;healthy;train
038_201.png;Varroa, Small Hive Beetles;train
038_197.png;Varroa, Small Hive Beetles;train
016_259.png;healthy;train
009_087.png;healthy;train
021_161.png;healthy;train
010_447.png;healthy;train
022_076.png;healthy;train
010_836.png;healthy;train
004_200.png;healthy;train
030_610.png;ant problems;train
022_432.png;healthy;train
032_666.png;healthy;train
019_836.png;healthy;train
017_056.png;healthy;train
041_020.png;hive being robbed;train
010_445.png;healthy;train
015_944.png;healthy;train
022_406.png;healthy;train
046_058.png;healthy;train
040_265.png;Varroa, Small Hive Beetles;train
016_170.png;healthy;train
019_281.png;healthy;train
038_375.png;Varroa, Small Hive Beetles;train
041_031.png;hive being robbed;train
020_036.png;healthy;train
004_432.png;healthy;train
015_575.png;healthy;train
022_196.png;healthy;train
030_238.png;ant problems;train
005_272.png;healthy;train
015_248.png;healthy;train
046_012.png;healthy;train
038_114.png;Varroa, Small Hive Beetles;train
040_439.png;Varroa, Small Hive Beetles;train
015_1121.png;healthy;train
004_235.png;healthy;train
015_477.png;healthy;train
030_549.png;ant problems;train
015_771.png;healthy;train
010_337.png;healthy;train
022_428.png;healthy;train
030_833.png;ant problems;train
038_078.png;Varroa, Small Hive Beetles;train
004_417.png;healthy;train
046_066.png;healthy;train
035_027.png;Varroa, Small Hive Beetles;train
022_391.png;healthy;train
010_721.png;healthy;train
040_325.png;Varroa, Small Hive Beetles;train
043_078.png;hive being robbed;train
032_638.png;healthy;train
004_406.png;healthy;train
005_262.png;healthy;train
030_305.png;ant problems;train
040_172.png;Varroa, Small Hive Beetles;train
042_010.png;hive being robbed;train
032_861.png;healthy;train
029_012.png;healthy;train
040_231.png;Varroa, Small Hive Beetles;train
023_012.png;healthy;train
038_075.png;Varroa, Small Hive Beetles;train
010_481.png;healthy;train
010_482.png;healthy;train
021_003.png;healthy;train
005_464.png;healthy;train
019_1236.png;healthy;train
032_753.png;healthy;train
032_704.png;healthy;train
033_098.png;healthy;train
008_298.png;healthy;train
010_625.png;healthy;train
013_040.png;ant problems;train
038_171.png;Varroa, Small Hive Beetles;train
043_008.png;hive being robbed;train
010_383.png;healthy;train
038_224.png;Varroa, Small Hive Beetles;train
019_1026.png;healthy;train
017_123.png;healthy;train
046_047.png;healthy;train
040_573.png;Varroa, Small Hive Beetles;train
032_438.png;healthy;train
019_1153.png;healthy;train
040_515.png;Varroa, Small Hive Beetles;train
041_056.png;hive being robbed;train
040_310.png;Varroa, Small Hive Beetles;train
021_172.png;healthy;train
004_170.png;healthy;train
005_612.png;healthy;train
040_367.png;Varroa, Small Hive Beetles;train
017_116.png;healthy;train
046_142.png;healthy;train
033_101.png;healthy;train
005_521.png;healthy;train
041_028.png;hive being robbed;train
022_361.png;healthy;train
010_554.png;healthy;train
038_178.png;Varroa, Small Hive Beetles;train
038_462.png;Varroa, Small Hive Beetles;train
016_289.png;healthy;train
038_371.png;Varroa, Small Hive Beetles;train
043_006.png;hive being robbed;train
001_047.png;healthy;train
030_723.png;ant problems;train
015_774.png;healthy;train
022_115.png;healthy;train
022_412.png;healthy;train
040_243.png;Varroa, Small Hive Beetles;train
038_123.png;Varroa, Small Hive Beetles;train
017_118.png;healthy;train
015_1131.png;healthy;train
022_106.png;healthy;train
019_1360.png;healthy;train
004_448.png;healthy;train
015_1077.png;healthy;train
005_413.png;healthy;train
040_075.png;Varroa, Small Hive Beetles;train
034_031.png;missing queen;train
010_593.png;healthy;train
022_386.png;healthy;train
040_539.png;Varroa, Small Hive Beetles;train
030_868.png;ant problems;train
038_027.png;Varroa, Small Hive Beetles;train
005_373.png;healthy;train
030_564.png;ant problems;train
040_063.png;Varroa, Small Hive Beetles;train
010_650.png;healthy;train
008_152.png;healthy;train
004_395.png;healthy;train
040_346.png;Varroa, Small Hive Beetles;train
008_132.png;healthy;train
019_716.png;healthy;train
020_026.png;healthy;train
015_558.png;healthy;train
021_115.png;healthy;train
015_1030.png;healthy;train
017_026.png;healthy;train
019_280.png;healthy;train
015_564.png;healthy;train
004_374.png;healthy;train
030_662.png;ant problems;train
004_474.png;healthy;train
016_268.png;healthy;train
040_480.png;Varroa, Small Hive Beetles;train
015_842.png;healthy;train
041_040.png;hive being robbed;train
038_087.png;Varroa, Small Hive Beetles;train
032_089.png;healthy;train
005_399.png;healthy;train
002_081.png;healthy;train
005_429.png;healthy;train
017_122.png;healthy;train
009_090.png;healthy;train
038_125.png;Varroa, Small Hive Beetles;train
038_180.png;Varroa, Small Hive Beetles;train
015_895.png;healthy;train
038_053.png;Varroa, Small Hive Beetles;train
009_050.png;healthy;train
038_339.png;Varroa, Small Hive Beetles;train
022_338.png;healthy;train
008_229.png;healthy;train
010_750.png;healthy;train
015_821.png;healthy;train
038_252.png;Varroa, Small Hive Beetles;train
005_630.png;healthy;train
040_275.png;Varroa, Small Hive Beetles;train
041_046.png;hive being robbed;train
040_181.png;Varroa, Small Hive Beetles;train
020_029.png;healthy;train
015_1158.png;healthy;train
032_618.png;healthy;train
038_398.png;Varroa, Small Hive Beetles;train
046_122.png;healthy;train
019_121.png;healthy;train
005_238.png;healthy;train
043_042.png;hive being robbed;train
019_1310.png;healthy;train
030_199.png;ant problems;train
041_062.png;hive being robbed;train
040_001.png;Varroa, Small Hive Beetles;train
042_033.png;hive being robbed;train
016_295.png;healthy;train
040_506.png;Varroa, Small Hive Beetles;train
033_073.png;healthy;train
016_305.png;healthy;train
040_090.png;Varroa, Small Hive Beetles;train
003_283.png;healthy;train
004_302.png;healthy;train
022_300.png;healthy;train
032_300.png;healthy;train
031_090.png;Varroa, Small Hive Beetles;train
030_879.png;ant problems;train
030_535.png;ant problems;train
004_239.png;healthy;train
007_125.png;healthy;train
019_1242.png;healthy;train
030_164.png;ant problems;train
013_036.png;ant problems;train
015_936.png;healthy;train
031_124.png;Varroa, Small Hive Beetles;train
010_553.png;healthy;train
010_291.png;healthy;train
002_079.png;healthy;train
016_296.png;healthy;train
004_061.png;healthy;train
046_153.png;healthy;train
032_824.png;healthy;train
008_193.png;healthy;train
040_526.png;Varroa, Small Hive Beetles;train
041_057.png;hive being robbed;train
015_673.png;healthy;train
004_072.png;healthy;train
015_754.png;healthy;train
031_118.png;Varroa, Small Hive Beetles;train
004_189.png;healthy;train
016_255.png;healthy;train
019_1058.png;healthy;train
019_547.png;healthy;train
041_050.png;hive being robbed;train
019_1296.png;healthy;train
032_264.png;healthy;train
040_103.png;Varroa, Small Hive Beetles;train
038_319.png;Varroa, Small Hive Beetles;train
040_502.png;Varroa, Small Hive Beetles;train
015_474.png;healthy;train
035_055.png;Varroa, Small Hive Beetles;train
010_767.png;healthy;train
003_269.png;healthy;train
019_252.png;healthy;train
046_000.png;healthy;train
019_1250.png;healthy;train
010_747.png;healthy;train
001_078.png;healthy;train
005_390.png;healthy;train
040_079.png;Varroa, Small Hive Beetles;train
037_017.png;hive being robbed;train
019_1063.png;healthy;train
010_450.png;healthy;train
010_604.png;healthy;train
038_253.png;Varroa, Small Hive Beetles;train
005_311.png;healthy;train
030_565.png;ant problems;train
040_297.png;Varroa, Small Hive Beetles;train
032_885.png;healthy;train
032_702.png;healthy;train
010_606.png;healthy;train
004_481.png;healthy;train
034_047.png;missing queen;train
032_665.png;healthy;train
019_712.png;healthy;train
031_075.png;Varroa, Small Hive Beetles;train
001_152.png;healthy;train
019_1146.png;healthy;train
030_858.png;ant problems;train
015_1022.png;healthy;train
040_322.png;Varroa, Small Hive Beetles;train
005_381.png;healthy;train
015_1050.png;healthy;train
032_587.png;healthy;train
038_142.png;Varroa, Small Hive Beetles;train
038_312.png;Varroa, Small Hive Beetles;train
035_056.png;Varroa, Small Hive Beetles;train
040_500.png;Varroa, Small Hive Beetles;train
032_874.png;healthy;train
005_300.png;healthy;train
038_306.png;Varroa, Small Hive Beetles;train
032_759.png;healthy;train
033_066.png;healthy;train
015_908.png;healthy;train
004_392.png;healthy;train
015_704.png;healthy;train
005_379.png;healthy;train
010_543.png;healthy;train
032_545.png;healthy;train
015_1033.png;healthy;train
022_349.png;healthy;train
003_186.png;healthy;train
046_080.png;healthy;train
038_389.png;Varroa, Small Hive Beetles;train
030_733.png;ant problems;train
004_478.png;healthy;train
030_772.png;ant problems;train
015_449.png;healthy;train
002_035.png;healthy;train
040_330.png;Varroa, Small Hive Beetles;train
008_068.png;healthy;train
016_267.png;healthy;train
016_176.png;healthy;train
038_033.png;Varroa, Small Hive Beetles;train
041_064.png;hive being robbed;train
008_123.png;healthy;train
015_969.png;healthy;train
017_113.png;healthy;train
034_041.png;missing queen;train
038_020.png;Varroa, Small Hive Beetles;train
030_777.png;ant problems;train
040_414.png;Varroa, Small Hive Beetles;train
010_551.png;healthy;train
008_137.png;healthy;train
015_775.png;healthy;train
015_824.png;healthy;train
004_429.png;healthy;train
005_592.png;healthy;train
010_805.png;healthy;train
032_744.png;healthy;train
008_185.png;healthy;train
040_214.png;Varroa, Small Hive Beetles;train
035_008.png;Varroa, Small Hive Beetles;train
017_049.png;healthy;train
005_424.png;healthy;train
037_023.png;hive being robbed;train
005_239.png;healthy;train
040_171.png;Varroa, Small Hive Beetles;train
040_485.png;Varroa, Small Hive Beetles;train
041_069.png;hive being robbed;train
010_618.png;healthy;train
010_824.png;healthy;train
030_729.png;ant problems;train
005_553.png;healthy;train
030_403.png;ant problems;train
034_025.png;missing queen;train
029_021.png;healthy;train
030_677.png;ant problems;train
010_643.png;healthy;train
004_361.png;healthy;train
038_334.png;Varroa, Small Hive Beetles;train
032_115.png;healthy;train
015_517.png;healthy;train
016_262.png;healthy;train
038_418.png;Varroa, Small Hive Beetles;train
003_256.png;healthy;train
035_023.png;Varroa, Small Hive Beetles;train
010_639.png;healthy;train
038_166.png;Varroa, Small Hive Beetles;train
040_091.png;Varroa, Small Hive Beetles;train
032_458.png;healthy;train
040_053.png;Varroa, Small Hive Beetles;train
040_418.png;Varroa, Small Hive Beetles;train
028_023.png;healthy;train
030_673.png;ant problems;train
040_146.png;Varroa, Small Hive Beetles;train
013_023.png;ant problems;train
005_371.png;healthy;train
022_374.png;healthy;val
030_872.png;ant problems;val
022_411.png;healthy;val
022_117.png;healthy;val
010_754.png;healthy;val
015_823.png;healthy;val
030_771.png;ant problems;val
015_1175.png;healthy;val
019_795.png;healthy;val
004_261.png;healthy;val
040_015.png;Varroa, Small Hive Beetles;val
005_058.png;healthy;val
019_1316.png;healthy;val
032_738.png;healthy;val
040_538.png;Varroa, Small Hive Beetles;val
005_607.png;healthy;val
030_459.png;ant problems;val
042_018.png;hive being robbed;val
003_227.png;healthy;val
031_066.png;Varroa, Small Hive Beetles;val
015_1218.png;healthy;val
005_366.png;healthy;val
005_471.png;healthy;val
033_102.png;healthy;val
009_092.png;healthy;val
038_243.png;Varroa, Small Hive Beetles;val
005_409.png;healthy;val
030_482.png;ant problems;val
036_096.png;Varroa, Small Hive Beetles;val
030_466.png;ant problems;val
040_277.png;Varroa, Small Hive Beetles;val
030_306.png;ant problems;val
030_754.png;ant problems;val
016_166.png;healthy;val
019_860.png;healthy;val
041_053.png;hive being robbed;val
019_1321.png;healthy;val
032_301.png;healthy;val
038_233.png;Varroa, Small Hive Beetles;val
004_305.png;healthy;val
015_306.png;healthy;val
005_398.png;healthy;val
015_672.png;healthy;val
039_023.png;hive being robbed;val
008_278.png;healthy;val
032_830.png;healthy;val
032_288.png;healthy;val
036_092.png;Varroa, Small Hive Beetles;val
015_981.png;healthy;val
016_298.png;healthy;val
040_421.png;Varroa, Small Hive Beetles;val
039_008.png;hive being robbed;val
040_067.png;Varroa, Small Hive Beetles;val
015_933.png;healthy;val
032_270.png;healthy;val
030_515.png;ant problems;val
032_865.png;healthy;val
037_018.png;hive being robbed;val
021_226.png;healthy;val
041_048.png;hive being robbed;val
040_564.png;Varroa, Small Hive Beetles;val
010_638.png;healthy;val
015_1142.png;healthy;val
016_104.png;healthy;val
004_049.png;healthy;val
040_109.png;Varroa, Small Hive Beetles;val
040_250.png;Varroa, Small Hive Beetles;val
038_401.png;Varroa, Small Hive Beetles;val
040_266.png;Varroa, Small Hive Beetles;val
022_105.png;healthy;val
032_315.png;healthy;val
010_631.png;healthy;val
019_1341.png;healthy;val
015_259.png;healthy;val
004_228.png;healthy;val
038_118.png;Varroa, Small Hive Beetles;val
038_131.png;Varroa, Small Hive Beetles;val
032_778.png;healthy;val
022_270.png;healthy;val
030_755.png;ant problems;val
017_074.png;healthy;val
008_126.png;healthy;val
030_852.png;ant problems;val
032_502.png;healthy;val
003_265.png;healthy;val
043_046.png;hive being robbed;val
030_602.png;ant problems;val
040_434.png;Varroa, Small Hive Beetles;val
038_229.png;Varroa, Small Hive Beetles;val
022_075.png;healthy;val
040_554.png;Varroa, Small Hive Beetles;val
032_129.png;healthy;val
040_101.png;Varroa, Small Hive Beetles;val
004_364.png;healthy;val
038_210.png;Varroa, Small Hive Beetles;val
005_198.png;healthy;val
022_403.png;healthy;val
022_376.png;healthy;val
002_080.png;healthy;val
016_247.png;healthy;val
032_580.png;healthy;val
015_489.png;healthy;val
005_276.png;healthy;val
015_260.png;healthy;val
019_1194.png;healthy;val
019_536.png;healthy;val
024_021.png;healthy;val
010_760.png;healthy;val
038_408.png;Varroa, Small Hive Beetles;val
021_227.png;healthy;val
038_067.png;Varroa, Small Hive Beetles;val
015_797.png;healthy;val
015_798.png;healthy;val
015_275.png;healthy;val
005_289.png;healthy;val
005_621.png;healthy;val
019_933.png;healthy;val
040_405.png;Varroa, Small Hive Beetles;val
038_122.png;Varroa, Small Hive Beetles;val
016_067.png;healthy;val
015_665.png;healthy;val
030_767.png;ant problems;val
030_202.png;ant problems;val
021_163.png;healthy;val
030_516.png;ant problems;val
004_277.png;healthy;val
004_353.png;healthy;val
015_414.png;healthy;val
031_082.png;Varroa, Small Hive Beetles;val
040_009.png;Varroa, Small Hive Beetles;val
038_454.png;Varroa, Small Hive Beetles;val
040_352.png;Varroa, Small Hive Beetles;val
020_032.png;healthy;val
040_451.png;Varroa, Small Hive Beetles;val
040_047.png;Varroa, Small Hive Beetles;val
001_094.png;healthy;val
001_097.png;healthy;val
040_068.png;Varroa, Small Hive Beetles;val
016_175.png;healthy;val
008_299.png;healthy;val
038_026.png;Varroa, Small Hive Beetles;val
032_578.png;healthy;val
015_1226.png;healthy;val
046_017.png;healthy;val
005_105.png;healthy;val
038_451.png;Varroa, Small Hive Beetles;val
004_446.png;healthy;val
032_804.png;healthy;val
004_398.png;healthy;val
038_034.png;Varroa, Small Hive Beetles;val
004_420.png;healthy;val
040_273.png;Varroa, Small Hive Beetles;val
038_099.png;Varroa, Small Hive Beetles;val
015_890.png;healthy;val
004_389.png;healthy;val
043_071.png;hive being robbed;val
043_022.png;hive being robbed;val
046_039.png;healthy;val
032_880.png;healthy;val
008_219.png;healthy;val
005_543.png;healthy;val
032_755.png;healthy;val
015_1144.png;healthy;val
019_1104.png;healthy;val
015_110.png;healthy;val
016_214.png;healthy;val
002_086.png;healthy;val
004_249.png;healthy;val
046_156.png;healthy;val
032_846.png;healthy;val
038_427.png;Varroa, Small Hive Beetles;val
038_429.png;Varroa, Small Hive Beetles;val
010_622.png;healthy;val
030_599.png;ant problems;val
022_356.png;healthy;val
042_019.png;hive being robbed;val
021_236.png;healthy;val
010_608.png;healthy;val
015_139.png;healthy;val
019_1265.png;healthy;val
040_210.png;Varroa, Small Hive Beetles;val
040_078.png;Varroa, Small Hive Beetles;val
010_780.png;healthy;val
016_244.png;healthy;val
046_099.png;healthy;val
038_344.png;Varroa, Small Hive Beetles;val
038_047.png;Varroa, Small Hive Beetles;val
046_053.png;healthy;val
038_282.png;Varroa, Small Hive Beetles;val
035_009.png;Varroa, Small Hive Beetles;val
041_037.png;hive being robbed;val
015_1161.png;healthy;val
030_373.png;ant problems;val
010_653.png;healthy;val
010_572.png;healthy;val
030_683.png;ant problems;val
038_129.png;Varroa, Small Hive Beetles;val
015_1081.png;healthy;val
040_221.png;Varroa, Small Hive Beetles;val
038_085.png;Varroa, Small Hive Beetles;val
003_234.png;healthy;val
032_751.png;healthy;val
031_112.png;Varroa, Small Hive Beetles;val
032_845.png;healthy;val
015_806.png;healthy;val
010_746.png;healthy;val
017_105.png;healthy;val
015_715.png;healthy;val
046_072.png;healthy;val
030_440.png;ant problems;val
017_125.png;healthy;val
022_129.png;healthy;val
030_705.png;ant problems;val
038_188.png;Varroa, Small Hive Beetles;val
019_496.png;healthy;val
017_070.png;healthy;val
015_605.png;healthy;val
008_053.png;healthy;val
005_473.png;healthy;val
010_788.png;healthy;val
022_074.png;healthy;val
032_772.png;healthy;val
040_474.png;Varroa, Small Hive Beetles;val
010_646.png;healthy;val
040_337.png;Varroa, Small Hive Beetles;val
004_414.png;healthy;val
005_098.png;healthy;val
034_046.png;missing queen;val
040_492.png;Varroa, Small Hive Beetles;val
005_460.png;healthy;val
030_528.png;ant problems;val
015_315.png;healthy;val
036_088.png;Varroa, Small Hive Beetles;val
005_205.png;healthy;val
004_048.png;healthy;val
030_567.png;ant problems;val
015_1126.png;healthy;val
021_089.png;healthy;val
004_359.png;healthy;val
031_064.png;Varroa, Small Hive Beetles;val
008_081.png;healthy;val
040_488.png;Varroa, Small Hive Beetles;val
005_316.png;healthy;val
005_428.png;healthy;val
032_844.png;healthy;val
019_1211.png;healthy;val
040_567.png;Varroa, Small Hive Beetles;val
004_113.png;healthy;val
030_643.png;ant problems;val
018_046.png;healthy;val
015_991.png;healthy;val
015_886.png;healthy;val
005_552.png;healthy;val
010_243.png;healthy;val
038_054.png;Varroa, Small Hive Beetles;val
003_021.png;healthy;val
032_729.png;healthy;val
043_038.png;hive being robbed;val
005_106.png;healthy;val
030_537.png;ant problems;val
028_013.png;healthy;val
003_037.png;healthy;val
036_053.png;Varroa, Small Hive Beetles;val
004_138.png;healthy;val
022_212.png;healthy;val
005_550.png;healthy;val
008_208.png;healthy;val
021_196.png;healthy;val
043_072.png;hive being robbed;val
005_211.png;healthy;val
043_007.png;hive being robbed;val
046_036.png;healthy;val
003_147.png;healthy;val
015_967.png;healthy;val
038_247.png;Varroa, Small Hive Beetles;val
015_759.png;healthy;val
016_217.png;healthy;val
015_891.png;healthy;val
040_364.png;Varroa, Small Hive Beetles;val
015_1122.png;healthy;val
004_063.png;healthy;val
040_059.png;Varroa, Small Hive Beetles;val
040_572.png;Varroa, Small Hive Beetles;val
034_023.png;missing queen;val
015_604.png;healthy;val
040_070.png;Varroa, Small Hive Beetles;val
019_1081.png;healthy;val
005_351.png;healthy;val
046_090.png;healthy;val
015_365.png;healthy;val
004_458.png;healthy;val
010_357.png;healthy;val
040_180.png;Varroa, Small Hive Beetles;val
030_534.png;ant problems;val
032_429.png;healthy;val
034_043.png;missing queen;val
040_081.png;Varroa, Small Hive Beetles;val
019_444.png;healthy;val
004_067.png;healthy;val
040_026.png;Varroa, Small Hive Beetles;val
015_1028.png;healthy;val
004_471.png;healthy;val
005_107.png;healthy;val
040_446.png;Varroa, Small Hive Beetles;val
013_042.png;ant problems;val
022_342.png;healthy;val
040_380.png;Varroa, Small Hive Beetles;val
004_451.png;healthy;val
008_179.png;healthy;val
015_1256.png;healthy;val
033_091.png;healthy;val
020_014.png;healthy;val
016_201.png;healthy;val
030_173.png;ant problems;val
001_043.png;healthy;val
038_238.png;Varroa, Small Hive Beetles;val
019_772.png;healthy;val
004_116.png;healthy;val
015_799.png;healthy;val
015_956.png;healthy;val
015_699.png;healthy;val
038_223.png;Varroa, Small Hive Beetles;val
003_263.png;healthy;val
030_159.png;ant problems;val
003_264.png;healthy;val
017_094.png;healthy;val
041_021.png;hive being robbed;val
040_186.png;Varroa, Small Hive Beetles;val
015_464.png;healthy;val
040_379.png;Varroa, Small Hive Beetles;val
030_448.png;ant problems;val
021_106.png;healthy;val
014_007.png;healthy;val
019_1177.png;healthy;val
046_188.png;healthy;val
008_210.png;healthy;val
005_510.png;healthy;val
001_092.png;healthy;val
003_248.png;healthy;val
032_600.png;healthy;val
046_063.png;healthy;val
003_278.png;healthy;val
043_004.png;hive being robbed;val
017_072.png;healthy;val
040_097.png;Varroa, Small Hive Beetles;val
005_449.png;healthy;val
015_499.png;healthy;val
005_365.png;healthy;val
020_027.png;healthy;val
030_687.png;ant problems;val
040_111.png;Varroa, Small Hive Beetles;val
019_544.png;healthy;val
019_920.png;healthy;val
010_611.png;healthy;val
038_245.png;Varroa, Small Hive Beetles;val
009_047.png;healthy;val
043_049.png;hive being robbed;val
005_465.png;healthy;val
040_285.png;Varroa, Small Hive Beetles;val
015_973.png;healthy;val
022_160.png;healthy;val
030_694.png;ant problems;val
017_063.png;healthy;val
015_757.png;healthy;val
022_311.png;healthy;val
043_021.png;hive being robbed;val
022_112.png;healthy;val
017_083.png;healthy;val
041_015.png;hive being robbed;val
011_029.png;healthy;val
040_467.png;Varroa, Small Hive Beetles;val
038_124.png;Varroa, Small Hive Beetles;val
043_075.png;hive being robbed;val
015_707.png;healthy;val
015_560.png;healthy;val
046_085.png;healthy;val
030_273.png;ant problems;val
046_048.png;healthy;val
038_115.png;Varroa, Small Hive Beetles;val
001_173.png;healthy;val
019_840.png;healthy;val
015_607.png;healthy;val
005_613.png;healthy;val
039_021.png;hive being robbed;val
015_815.png;healthy;val
022_277.png;healthy;val
038_248.png;Varroa, Small Hive Beetles;val
038_380.png;Varroa, Small Hive Beetles;val
030_672.png;ant problems;val
030_874.png;ant problems;val
040_261.png;Varroa, Small Hive Beetles;val
015_612.png;healthy;val
016_301.png;healthy;val
019_835.png;healthy;val
030_756.png;ant problems;val
038_316.png;Varroa, Small Hive Beetles;val
017_044.png;healthy;val
013_027.png;ant problems;val
010_526.png;healthy;val
007_028.png;healthy;val
015_1204.png;healthy;val
010_712.png;healthy;val
025_008.png;healthy;val
046_118.png;healthy;val
001_122.png;healthy;val
046_140.png;healthy;val
030_469.png;ant problems;val
008_303.png;healthy;val
038_447.png;Varroa, Small Hive Beetles;val
004_438.png;healthy;val
004_477.png;healthy;val
031_089.png;Varroa, Small Hive Beetles;val
030_815.png;ant problems;val
005_597.png;healthy;val
038_341.png;Varroa, Small Hive Beetles;val
015_1052.png;healthy;val
005_578.png;healthy;val
015_971.png;healthy;val
040_540.png;Varroa, Small Hive Beetles;val
005_378.png;healthy;val
040_555.png;Varroa, Small Hive Beetles;val
033_099.png;healthy;val
030_465.png;ant problems;val
021_204.png;healthy;val
041_042.png;hive being robbed;val
001_144.png;healthy;val
010_454.png;healthy;val
043_028.png;hive being robbed;val
022_347.png;healthy;val
015_1031.png;healthy;val
001_056.png;healthy;val
032_398.png;healthy;val
005_417.png;healthy;val
005_545.png;healthy;val
008_223.png;healthy;val
030_849.png;ant problems;val
019_923.png;healthy;val
030_573.png;ant problems;val
038_162.png;Varroa, Small Hive Beetles;val
032_925.png;healthy;val
021_149.png;healthy;val
015_328.png;healthy;val
019_807.png;healthy;val
030_501.png;ant problems;val
015_1243.png;healthy;val
019_291.png;healthy;val
004_214.png;healthy;val
032_923.png;healthy;val
040_350.png;Varroa, Small Hive Beetles;val
019_1268.png;healthy;val
040_105.png;Varroa, Small Hive Beetles;val
004_473.png;healthy;val
042_015.png;hive being robbed;val
040_320.png;Varroa, Small Hive Beetles;val
030_823.png;ant problems;val
004_424.png;healthy;val
030_629.png;ant problems;val
019_497.png;healthy;val
004_270.png;healthy;val
032_674.png;healthy;val
032_789.png;healthy;val
008_264.png;healthy;val
004_470.png;healthy;val
040_216.png;Varroa, Small Hive Beetles;val
004_356.png;healthy;val
032_552.png;healthy;val
022_377.png;healthy;val
040_284.png;Varroa, Small Hive Beetles;val
022_258.png;healthy;val
038_323.png;Varroa, Small Hive Beetles;val
015_763.png;healthy;val
003_276.png;healthy;val
038_163.png;Varroa, Small Hive Beetles;val
005_507.png;healthy;val
010_681.png;healthy;val
022_355.png;healthy;val
003_190.png;healthy;val
032_889.png;healthy;val
016_177.png;healthy;val
004_363.png;healthy;val
001_138.png;healthy;val
003_137.png;healthy;val
040_033.png;Varroa, Small Hive Beetles;val
008_109.png;healthy;val
004_313.png;healthy;val
003_218.png;healthy;val
030_644.png;ant problems;val
015_1219.png;healthy;val
015_961.png;healthy;val
038_013.png;Varroa, Small Hive Beetles;val
002_022.png;healthy;val
021_215.png;healthy;val
038_003.png;Varroa, Small Hive Beetles;val
019_592.png;healthy;val
010_834.png;healthy;val
017_036.png;healthy;val
022_116.png;healthy;val
030_607.png;ant problems;val
038_467.png;Varroa, Small Hive Beetles;val
015_930.png;healthy;val
017_035.png;healthy;val
005_514.png;healthy;val
021_103.png;healthy;val
038_251.png;Varroa, Small Hive Beetles;val
030_869.png;ant problems;val
040_419.png;Varroa, Small Hive Beetles;val
005_139.png;healthy;val
005_577.png;healthy;val
019_749.png;healthy;val
046_117.png;healthy;val
041_073.png;hive being robbed;val
004_436.png;healthy;val
040_247.png;Varroa, Small Hive Beetles;val
046_073.png;healthy;val
010_647.png;healthy;val
032_310.png;healthy;val
017_085.png;healthy;val
010_578.png;healthy;test
015_921.png;healthy;test
015_1096.png;healthy;test
015_1224.png;healthy;test
040_300.png;Varroa, Small Hive Beetles;test
038_256.png;Varroa, Small Hive Beetles;test
038_068.png;Varroa, Small Hive Beetles;test
017_032.png;healthy;test
004_103.png;healthy;test
004_177.png;healthy;test
016_115.png;healthy;test
015_1009.png;healthy;test
019_1318.png;healthy;test
040_319.png;Varroa, Small Hive Beetles;test
002_094.png;healthy;test
038_410.png;Varroa, Small Hive Beetles;test
043_000.png;hive being robbed;test
040_537.png;Varroa, Small Hive Beetles;test
015_059.png;healthy;test
004_345.png;healthy;test
038_073.png;Varroa, Small Hive Beetles;test
019_332.png;healthy;test
030_655.png;ant problems;test
016_273.png;healthy;test
016_098.png;healthy;test
017_014.png;healthy;test
015_776.png;healthy;test
030_562.png;ant problems;test
019_580.png;healthy;test
021_113.png;healthy;test
022_390.png;healthy;test
032_349.png;healthy;test
007_100.png;healthy;test
015_1060.png;healthy;test
022_166.png;healthy;test
040_058.png;Varroa, Small Hive Beetles;test
032_800.png;healthy;test
032_566.png;healthy;test
032_820.png;healthy;test
040_229.png;Varroa, Small Hive Beetles;test
015_1123.png;healthy;test
029_014.png;healthy;test
005_386.png;healthy;test
019_741.png;healthy;test
005_469.png;healthy;test
010_555.png;healthy;test
021_220.png;healthy;test
038_063.png;Varroa, Small Hive Beetles;test
015_515.png;healthy;test
017_071.png;healthy;test
004_381.png;healthy;test
033_067.png;healthy;test
040_336.png;Varroa, Small Hive Beetles;test
022_414.png;healthy;test
046_070.png;healthy;test
028_000.png;healthy;test
043_035.png;hive being robbed;test
040_042.png;Varroa, Small Hive Beetles;test
019_844.png;healthy;test
032_922.png;healthy;test
004_099.png;healthy;test
046_019.png;healthy;test
040_207.png;Varroa, Small Hive Beetles;test
004_375.png;healthy;test
030_473.png;ant problems;test
019_1090.png;healthy;test
017_078.png;healthy;test
010_856.png;healthy;test
041_014.png;hive being robbed;test
003_231.png;healthy;test
038_277.png;Varroa, Small Hive Beetles;test
001_046.png;healthy;test
038_032.png;Varroa, Small Hive Beetles;test
013_031.png;ant problems;test
019_759.png;healthy;test
017_037.png;healthy;test
034_034.png;missing queen;test
010_108.png;healthy;test
041_029.png;hive being robbed;test
021_174.png;healthy;test
038_090.png;Varroa, Small Hive Beetles;test
040_044.png;Varroa, Small Hive Beetles;test
038_278.png;Varroa, Small Hive Beetles;test
005_515.png;healthy;test
010_095.png;healthy;test
028_012.png;healthy;test
005_500.png;healthy;test
019_707.png;healthy;test
015_970.png;healthy;test
040_039.png;Varroa, Small Hive Beetles;test
001_091.png;healthy;test
003_220.png;healthy;test
008_135.png;healthy;test
032_811.png;healthy;test
018_033.png;healthy;test
003_121.png;healthy;test
045_010.png;hive being robbed;test
032_575.png;healthy;test
030_642.png;ant problems;test
005_554.png;healthy;test
010_763.png;healthy;test
008_192.png;healthy;test
032_828.png;healthy;test
032_677.png;healthy;test
036_106.png;Varroa, Small Hive Beetles;test
004_273.png;healthy;test
040_528.png;Varroa, Small Hive Beetles;test
015_270.png;healthy;test
040_359.png;Varroa, Small Hive Beetles;test
031_002.png;Varroa, Small Hive Beetles;test
031_129.png;Varroa, Small Hive Beetles;test
038_330.png;Varroa, Small Hive Beetles;test
031_116.png;Varroa, Small Hive Beetles;test
022_198.png;healthy;test
033_088.png;healthy;test
032_662.png;healthy;test
038_227.png;Varroa, Small Hive Beetles;test
008_182.png;healthy;test
038_386.png;Varroa, Small Hive Beetles;test
019_135.png;healthy;test
038_355.png;Varroa, Small Hive Beetles;test
027_007.png;healthy;test
030_725.png;ant problems;test
005_536.png;healthy;test
003_081.png;healthy;test
004_315.png;healthy;test
040_049.png;Varroa, Small Hive Beetles;test
015_1167.png;healthy;test
030_171.png;ant problems;test
015_755.png;healthy;test
002_024.png;healthy;test
032_370.png;healthy;test
043_018.png;hive being robbed;test
032_816.png;healthy;test
003_035.png;healthy;test
008_238.png;healthy;test
004_074.png;healthy;test
046_169.png;healthy;test
003_242.png;healthy;test
016_266.png;healthy;test
038_192.png;Varroa, Small Hive Beetles;test
032_277.png;healthy;test
015_648.png;healthy;test
005_477.png;healthy;test
038_449.png;Varroa, Small Hive Beetles;test
019_735.png;healthy;test
004_369.png;healthy;test
005_129.png;healthy;test
033_062.png;healthy;test
005_623.png;healthy;test
032_835.png;healthy;test
040_046.png;Varroa, Small Hive Beetles;test
010_582.png;healthy;test
017_129.png;healthy;test
005_556.png;healthy;test
013_037.png;ant problems;test
040_127.png;Varroa, Small Hive Beetles;test
043_054.png;hive being robbed;test
004_203.png;healthy;test
010_342.png;healthy;test
032_917.png;healthy;test
010_537.png;healthy;test
040_175.png;Varroa, Small Hive Beetles;test
040_516.png;Varroa, Small Hive Beetles;test
033_058.png;healthy;test
030_461.png;ant problems;test
030_878.png;ant problems;test
022_113.png;healthy;test
015_920.png;healthy;test
015_968.png;healthy;test
005_167.png;healthy;test
038_288.png;Varroa, Small Hive Beetles;test
032_633.png;healthy;test
046_141.png;healthy;test
030_686.png;ant problems;test
040_268.png;Varroa, Small Hive Beetles;test
032_466.png;healthy;test
008_255.png;healthy;test
030_820.png;ant problems;test
030_298.png;ant problems;test
038_338.png;Varroa, Small Hive Beetles;test
038_272.png;Varroa, Small Hive Beetles;test
015_1053.png;healthy;test
041_016.png;hive being robbed;test
032_927.png;healthy;test
015_1233.png;healthy;test
038_179.png;Varroa, Small Hive Beetles;test
022_365.png;healthy;test
019_1238.png;healthy;test
045_006.png;hive being robbed;test
040_126.png;Varroa, Small Hive Beetles;test
008_204.png;healthy;test
015_1208.png;healthy;test
009_094.png;healthy;test
030_676.png;ant problems;test
021_167.png;healthy;test
038_030.png;Varroa, Small Hive Beetles;test
041_001.png;hive being robbed;test
030_774.png;ant problems;test
032_265.png;healthy;test
038_287.png;Varroa, Small Hive Beetles;test
030_689.png;ant problems;test
025_023.png;healthy;test
008_245.png;healthy;test
019_760.png;healthy;test
017_033.png;healthy;test
019_643.png;healthy;test
020_015.png;healthy;test
030_770.png;ant problems;test
009_052.png;healthy;test
019_999.png;healthy;test
022_363.png;healthy;test
046_082.png;healthy;test
003_180.png;healthy;test
016_288.png;healthy;test
046_007.png;healthy;test
004_112.png;healthy;test
030_402.png;ant problems;test
040_455.png;Varroa, Small Hive Beetles;test
022_354.png;healthy;test
046_191.png;healthy;test
022_210.png;healthy;test
022_201.png;healthy;test
040_295.png;Varroa, Small Hive Beetles;test
004_306.png;healthy;test
004_206.png;healthy;test
030_498.png;ant problems;test
008_125.png;healthy;test
005_560.png;healthy;test
010_355.png;healthy;test
015_317.png;healthy;test
032_894.png;healthy;test
030_560.png;ant problems;test
030_649.png;ant problems;test
005_437.png;healthy;test
038_041.png;Varroa, Small Hive Beetles;test
016_148.png;healthy;test
010_491.png;healthy;test
036_085.png;Varroa, Small Hive Beetles;test
017_058.png;healthy;test
010_797.png;healthy;test
038_212.png;Varroa, Small Hive Beetles;test
037_003.png;hive being robbed;test
030_505.png;ant problems;test
038_280.png;Varroa, Small Hive Beetles;test
030_832.png;ant problems;test
019_254.png;healthy;test
038_215.png;Varroa, Small Hive Beetles;test
019_490.png;healthy;test
032_939.png;healthy;test
040_466.png;Varroa, Small Hive Beetles;test
004_267.png;healthy;test
016_245.png;healthy;test
001_126.png;healthy;test
040_185.png;Varroa, Small Hive Beetles;test
040_084.png;Varroa, Small Hive Beetles;test
030_841.png;ant problems;test
040_184.png;Varroa, Small Hive Beetles;test
038_423.png;Varroa, Small Hive Beetles;test
030_759.png;ant problems;test
030_638.png;ant problems;test
038_138.png;Varroa, Small Hive Beetles;test
046_187.png;healthy;test
036_078.png;Varroa, Small Hive Beetles;test
032_855.png;healthy;test
002_123.png;healthy;test
040_498.png;Varroa, Small Hive Beetles;test
004_316.png;healthy;test
008_194.png;healthy;test
030_712.png;ant problems;test
016_106.png;healthy;test
038_050.png;Varroa, Small Hive Beetles;test
010_810.png;healthy;test
032_703.png;healthy;test
022_315.png;healthy;test
005_067.png;healthy;test
022_128.png;healthy;test
008_226.png;healthy;test
040_274.png;Varroa, Small Hive Beetles;test
019_445.png;healthy;test
015_1040.png;healthy;test
042_022.png;hive being robbed;test
030_441.png;ant problems;test
038_336.png;Varroa, Small Hive Beetles;test
032_936.png;healthy;test
010_446.png;healthy;test
030_470.png;ant problems;test
019_1030.png;healthy;test
010_783.png;healthy;test
010_598.png;healthy;test
017_005.png;healthy;test
022_329.png;healthy;test
032_827.png;healthy;test
038_151.png;Varroa, Small Hive Beetles;test
030_205.png;ant problems;test
003_235.png;healthy;test
030_339.png;ant problems;test
040_151.png;Varroa, Small Hive Beetles;test
038_012.png;Varroa, Small Hive Beetles;test
008_190.png;healthy;test
009_041.png;healthy;test
012_006.png;healthy;test
016_128.png;healthy;test
038_320.png;Varroa, Small Hive Beetles;test
003_277.png;healthy;test
003_169.png;healthy;test
019_812.png;healthy;test
038_006.png;Varroa, Small Hive Beetles;test
038_292.png;Varroa, Small Hive Beetles;test
038_220.png;Varroa, Small Hive Beetles;test
016_149.png;healthy;test
032_415.png;healthy;test
030_264.png;ant problems;test
045_014.png;hive being robbed;test
031_038.png;Varroa, Small Hive Beetles;test
030_653.png;ant problems;test
019_1219.png;healthy;test
032_506.png;healthy;test
032_477.png;healthy;test
010_607.png;healthy;test
043_055.png;hive being robbed;test
038_000.png;Varroa, Small Hive Beetles;test
034_038.png;missing queen;test
038_198.png;Varroa, Small Hive Beetles;test
032_311.png;healthy;test
015_313.png;healthy;test
022_310.png;healthy;test
022_389.png;healthy;test
030_603.png;ant problems;test
038_283.png;Varroa, Small Hive Beetles;test
005_482.png;healthy;test
032_801.png;healthy;test
015_1137.png;healthy;test
038_019.png;Varroa, Small Hive Beetles;test
046_008.png;healthy;test
032_514.png;healthy;test
032_742.png;healthy;test
005_570.png;healthy;test
045_003.png;hive being robbed;test
002_030.png;healthy;test
038_302.png;Varroa, Small Hive Beetles;test
005_459.png;healthy;test
040_170.png;Varroa, Small Hive Beetles;test
008_131.png;healthy;test
021_110.png;healthy;test
032_626.png;healthy;test
022_265.png;healthy;test
019_622.png;healthy;test
015_671.png;healthy;test
033_065.png;healthy;test
032_868.png;healthy;test
006_005.png;healthy;test
001_171.png;healthy;test
019_451.png;healthy;test
032_906.png;healthy;test
043_079.png;hive being robbed;test
032_940.png;healthy;test
015_675.png;healthy;test
022_339.png;healthy;test
015_950.png;healthy;test
022_379.png;healthy;test
015_756.png;healthy;test
022_214.png;healthy;test
009_109.png;healthy;test
040_130.png;Varroa, Small Hive Beetles;test
019_1337.png;healthy;test
022_063.png;healthy;test
040_551.png;Varroa, Small Hive Beetles;test
015_664.png;healthy;test
035_048.png;Varroa, Small Hive Beetles;test
040_376.png;Varroa, Small Hive Beetles;test
017_124.png;healthy;test
019_1161.png;healthy;test
032_944.png;healthy;test
022_228.png;healthy;test
032_718.png;healthy;test
032_476.png;healthy;test
032_664.png;healthy;test
038_074.png;Varroa, Small Hive Beetles;test
045_013.png;hive being robbed;test
015_301.png;healthy;test
038_148.png;Varroa, Small Hive Beetles;test
022_236.png;healthy;test
022_358.png;healthy;test
003_247.png;healthy;test
042_001.png;hive being robbed;test
032_546.png;healthy;test
004_410.png;healthy;test
032_782.png;healthy;test
038_411.png;Varroa, Small Hive Beetles;test
015_1217.png;healthy;test
011_024.png;healthy;test
036_079.png;Varroa, Small Hive Beetles;test
004_447.png;healthy;test
004_464.png;healthy;test
017_007.png;healthy;test
004_114.png;healthy;test
032_688.png;healthy;test
030_207.png;ant problems;test
015_769.png;healthy;test
038_035.png;Varroa, Small Hive Beetles;test
030_697.png;ant problems;test
015_1140.png;healthy;test
008_118.png;healthy;test
040_323.png;Varroa, Small Hive Beetles;test
043_032.png;hive being robbed;test
019_521.png;healthy;test
004_106.png;healthy;test
030_213.png;ant problems;test
046_024.png;healthy;test
030_538.png;ant problems;test
005_288.png;healthy;test
030_304.png;ant problems;test
004_463.png;healthy;test
021_135.png;healthy;test
015_951.png;healthy;test
010_684.png;healthy;test
022_174.png;healthy;test
010_469.png;healthy;test
042_024.png;hive being robbed;test
046_076.png;healthy;test
010_787.png;healthy;test
021_241.png;healthy;test
019_1125.png;healthy;test
010_652.png;healthy;test
030_267.png;ant problems;test
015_601.png;healthy;test
032_463.png;healthy;test
022_263.png;healthy;test
030_407.png;ant problems;test
010_580.png;healthy;test
032_887.png;healthy;test
017_004.png;healthy;test
008_252.png;healthy;test
003_275.png;healthy;test
005_434.png;healthy;test
038_094.png;Varroa, Small Hive Beetles;test
019_998.png;healthy;test
015_770.png;healthy;test
010_847.png;healthy;test
041_071.png;hive being robbed;test
032_856.png;healthy;test
015_663.png;healthy;test
010_242.png;healthy;test
004_258.png;healthy;test
040_156.png;Varroa, Small Hive Beetles;test
041_051.png;hive being robbed;test
032_676.png;healthy;test
040_486.png;Varroa, Small Hive Beetles;test
038_284.png;Varroa, Small Hive Beetles;test
032_303.png;healthy;test
040_472.png;Varroa, Small Hive Beetles;test
032_605.png;healthy;test
005_503.png;healthy;test
035_040.png;Varroa, Small Hive Beetles;test
019_881.png;healthy;test
040_158.png;Varroa, Small Hive Beetles;test
010_418.png;healthy;test
040_242.png;Varroa, Small Hive Beetles;test
030_536.png;ant problems;test
026_008.png;healthy;test
040_545.png;Varroa, Small Hive Beetles;test
002_073.png;healthy;test
015_265.png;healthy;test
008_184.png;healthy;test
046_013.png;healthy;test
015_1087.png;healthy;test
043_020.png;hive being robbed;test
046_160.png;healthy;test
008_051.png;healthy;test
015_1117.png;healthy;test
015_1083.png;healthy;test
032_612.png;healthy;test
030_806.png;ant problems;test
010_779.png;healthy;test
032_611.png;healthy;test
040_462.png;Varroa, Small Hive Beetles;test
040_117.png;Varroa, Small Hive Beetles;test
038_472.png;Varroa, Small Hive Beetles;test
016_238.png;healthy;test
018_018.png;healthy;test
016_285.png;healthy;test
030_645.png;ant problems;test
019_1235.png;healthy;test
038_097.png;Varroa, Small Hive Beetles;test
041_059.png;hive being robbed;test
017_012.png;healthy;test
008_134.png;healthy;test
017_096.png;healthy;test
005_385.png;healthy;test
038_422.png;Varroa, Small Hive Beetles;test
038_457.png;Varroa, Small Hive Beetles;test
038_250.png;Varroa, Small Hive Beetles;test
022_249.png;healthy;test
030_502.png;ant problems;test
021_171.png;healthy;test
005_582.png;healthy;test
010_789.png;healthy;test
019_682.png;healthy;test
032_725.png;healthy;test
032_926.png;healthy;test
038_077.png;Varroa, Small Hive Beetles;test
030_588.png;ant problems;test
043_057.png;hive being robbed;test
038_298.png;Varroa, Small Hive Beetles;test
036_104.png;Varroa, Small Hive Beetles;test
008_283.png;healthy;test
010_831.png;healthy;test
010_790.png;healthy;test
016_260.png;healthy;test
015_1157.png;healthy;test
032_943.png;healthy;test
046_173.png;healthy;test
005_461.png;healthy;test
034_026.png;missing queen;test
019_1243.png;healthy;test
015_1203.png;healthy;test
021_238.png;healthy;test
